scorer,,,Paul,Paul,Paul,Paul,Paul,Paul,Paul,Paul,Paul,Paul,Paul,Paul
bodyparts,,,leftEar,leftEar,rightEar,rightEar,implant,implant,rightPort,rightPort,centrePort,centrePort,leftPort,leftPort
coords,,,x,y,x,y,x,y,x,y,x,y,x,y
labeled-data,ML118_051116 Cam2,img015211.png,229.46110102090088,273.5459571769302,,,130.41831162734346,336.5731867910122,498.452313123858,393.97298518955114,318.37451422648087,391.722012703334,133.23202723511497,386.09458148779083
labeled-data,ML118_051116 Cam2,img018456.png,498.452313123858,270.1694984476044,,,428.10942292957003,328.13203996769766,496.764083759195,391.15926958177965,318.37451422648087,391.722012703334,133.23202723511497,386.09458148779083
labeled-data,ML118_051116 Cam2,img021022.png,555.2893684008426,239.21862676211774,,,475.9425882616858,338.8241592772294,498.452313123858,392.28475582488824,318.37451422648087,391.722012703334,133.23202723511497,386.09458148779083
labeled-data,ML118_051116 Cam2,img024350.png,233.96304599333533,266.23029659672426,,,146.73786215241827,336.5731867910122,498.452313123858,392.28475582488824,318.37451422648087,391.722012703334,133.23202723511497,386.09458148779083
labeled-data,ML118_051116 Cam2,img025809.png,504.64248746095535,272.4204709338216,,,427.5466798080157,331.50849869702347,498.452313123858,392.28475582488824,318.37451422648087,391.722012703334,133.23202723511497,386.09458148779083
labeled-data,ML118_051116 Cam2,img036528.png,162.49466955593877,258.351892894964,,,100.03018306341107,316.8771775366115,498.452313123858,392.28475582488824,318.37451422648087,391.722012703334,133.23202723511497,386.09458148779083
labeled-data,ML118_051116 Cam2,img037606.png,481.57001947722887,284.8008196080163,,,413.4781017691582,336.0104436694579,498.452313123858,392.28475582488824,318.37451422648087,391.722012703334,133.23202723511497,386.09458148779083
labeled-data,ML118_051116 Cam2,img037683.png,224.39641292691212,270.7322415691587,,,140.54768781532093,334.32221430479495,498.452313123858,392.28475582488824,318.37451422648087,391.722012703334,133.23202723511497,386.09458148779083
labeled-data,ML118_051116 Cam2,img042353.png,416.29181737692966,303.9340857408626,,,336.3822941162186,356.26919604541285,498.452313123858,392.28475582488824,318.37451422648087,391.722012703334,133.23202723511497,386.09458148779083
labeled-data,ML118_051116 Cam2,img044188.png,,,,,,,498.452313123858,392.28475582488824,318.37451422648087,391.722012703334,133.23202723511497,386.09458148779083
labeled-data,ML118_051116 Cam2,img048070.png,78.64594444434755,25.37624057148233,133.7947703566693,95.15638764421598,,,498.452313123858,392.28475582488824,318.37451422648087,391.722012703334,133.23202723511497,386.09458148779083
labeled-data,ML118_051116 Cam2,img049554.png,119.7261923178117,261.1656085027355,,,38.12843969243769,231.90296618191172,498.452313123858,392.28475582488824,318.37451422648087,391.722012703334,133.23202723511497,386.09458148779083
labeled-data,ML118_051116 Cam2,img057188.png,222.70818356224922,266.7930397182786,,,134.35751347822358,342.2006180065552,498.452313123858,392.28475582488824,318.37451422648087,391.722012703334,133.23202723511497,386.09458148779083
labeled-data,ML118_051116 Cam2,img059812.png,505.2052305825096,276.35967278470173,,,428.67216605112435,335.4477005479036,498.452313123858,392.28475582488824,318.37451422648087,391.15926958177965,133.23202723511497,386.09458148779083
labeled-data,ML118_051116 Cam2,img061256.png,,,467.5014414383713,253.28720480097533,533.3423866602247,338.8241592772294,498.452313123858,392.28475582488824,318.37451422648087,391.15926958177965,133.23202723511497,386.09458148779083
labeled-data,ML118_051116 Cam2,img063469.png,502.3915149747381,282.5498471217991,,,434.8623403882217,324.75558123837186,498.452313123858,392.28475582488824,318.37451422648087,391.15926958177965,133.7947703566693,384.96909524468225
labeled-data,ML118_051116 Cam2,img064420.png,572.1716620474717,271.85772781226734,437.1133128744389,245.40880109921505,493.95036815142356,327.56929684614335,498.452313123858,392.28475582488824,318.37451422648087,391.15926958177965,132.10654099200636,385.53183836623657
labeled-data,ML118_051116 Cam2,img065456.png,197.38474309230557,276.35967278470173,,,106.22035740050842,344.4515904927724,498.452313123858,392.28475582488824,318.37451422648087,391.15926958177965,132.10654099200636,385.53183836623657
labeled-data,ML118_051116 Cam2,img067135.png,230.0238441424552,291.5537370666679,,,128.73008226268055,341.07513176344656,498.452313123858,392.28475582488824,318.37451422648087,391.15926958177965,132.10654099200636,385.53183836623657
labeled-data,ML118_051116 Cam2,img073887.png,,,485.50922132810905,249.91074607164947,532.7796435386705,352.892737316087,498.452313123858,392.28475582488824,318.37451422648087,391.15926958177965,132.10654099200636,385.53183836623657
labeled-data,ML124_060317 Cam2,img012069.png,182.1906788103394,282.5498471217991,,,116.91247671004018,354.0182235591956,500.70328561007517,418.1709394163862,315.5607986187093,413.1062513223975,132.10654099200636,410.2925357146259
labeled-data,ML124_060317 Cam2,img030051.png,,,429.23490917267867,302.808599497754,504.079744339401,357.39468228852144,500.70328561007517,418.1709394163862,315.5607986187093,413.1062513223975,132.10654099200636,410.2925357146259
labeled-data,ML124_060317 Cam2,img030596.png,,,266.60214704348493,297.74391140376525,350.4508721550762,379.3416640291393,500.70328561007517,418.1709394163862,315.5607986187093,413.1062513223975,132.10654099200636,410.2925357146259
labeled-data,ML124_060317 Cam2,img031372.png,,,455.6838358857309,294.36745267443945,519.2738086213672,363.02211350406446,500.70328561007517,418.1709394163862,318.37451422648087,415.919966930169,132.10654099200636,410.2925357146259
labeled-data,ML124_060317 Cam2,img032909.png,202.4494311862943,279.73613151402753,,,112.97327485916006,307.31054447018835,500.70328561007517,418.1709394163862,318.37451422648087,415.919966930169,132.10654099200636,410.2925357146259
labeled-data,ML124_060317 Cam2,img038697.png,,,438.8015422391018,302.808599497754,519.8365517429214,327.56929684614335,500.70328561007517,418.1709394163862,318.37451422648087,415.919966930169,132.10654099200636,410.2925357146259
labeled-data,ML124_060317 Cam2,img042358.png,,,,,108.47132988672561,360.7711410178472,500.70328561007517,418.1709394163862,318.37451422648087,415.919966930169,132.10654099200636,410.2925357146259
labeled-data,ML124_060317 Cam2,img050716.png,,,446.11720281930775,299.43214076842816,527.7149554446817,329.25752621080625,500.70328561007517,418.1709394163862,318.37451422648087,415.919966930169,132.10654099200636,410.2925357146259
labeled-data,ML124_060317 Cam2,img052860.png,,,428.67216605112435,303.9340857408626,516.4600930135956,326.44381060303476,500.70328561007517,418.1709394163862,318.37451422648087,415.919966930169,132.10654099200636,410.2925357146259
labeled-data,ML124_060317 Cam2,img053732.png,201.88668806474,287.6145352157878,,,116.91247671004018,319.69089314438304,500.70328561007517,418.1709394163862,318.37451422648087,415.919966930169,132.10654099200636,410.2925357146259
labeled-data,ML124_060317 Cam2,img056665.png,,,281.7962113254511,289.3027645804507,333.56857850844705,374.83971905670484,500.70328561007517,418.1709394163862,318.37451422648087,415.919966930169,132.10654099200636,410.2925357146259
labeled-data,ML124_060317 Cam2,img058424.png,510.8326617980527,292.67922330977655,,,451.18189091329646,374.2769759351505,500.70328561007517,418.1709394163862,318.37451422648087,415.919966930169,132.10654099200636,410.2925357146259
labeled-data,ML124_060317 Cam2,img066179.png,227.77287165623798,285.9263058511249,,,155.7417520972871,336.0104436694579,500.70328561007517,418.1709394163862,318.37451422648087,415.919966930169,132.10654099200636,410.2925357146259
labeled-data,ML124_060317 Cam2,img069158.png,,,419.1055329847012,300.5576270115368,487.19745069277195,357.39468228852144,500.70328561007517,418.1709394163862,318.37451422648087,415.919966930169,132.10654099200636,410.2925357146259
labeled-data,ML124_060317 Cam2,img069892.png,246.90613778908428,253.84994792252957,,,188.94359626899103,337.1359299125665,500.70328561007517,418.1709394163862,318.37451422648087,415.919966930169,132.10654099200636,410.2925357146259
labeled-data,ML124_060317 Cam2,img070805.png,,,398.28403748719194,295.49293891754803,462.43675334438257,365.2730859902817,500.70328561007517,418.1709394163862,318.37451422648087,415.919966930169,132.10654099200636,410.2925357146259
labeled-data,ML124_060317 Cam2,img072316.png,195.13377060608835,289.865507702005,,,118.03796295314879,324.1928381168175,500.70328561007517,418.1709394163862,318.37451422648087,415.919966930169,132.10654099200636,410.2925357146259
labeled-data,ML124_060317 Cam2,img073489.png,,,411.7898724044952,302.808599497754,485.50922132810905,353.4554804376413,500.70328561007517,418.1709394163862,318.37451422648087,415.919966930169,132.10654099200636,410.2925357146259
labeled-data,ML124_060317 Cam2,img075075.png,375.77431262501983,336.0104436694579,,,228.89835789934656,380.46715027224786,500.70328561007517,418.1709394163862,318.37451422648087,415.919966930169,132.10654099200636,410.2925357146259
labeled-data,ML124_060317 Cam2,img076103.png,457.9348083719481,294.93019579599377,,,336.3822941162186,369.77503096271613,499.01505624541227,419.8591687810491,318.37451422648087,415.919966930169,132.10654099200636,410.2925357146259
labeled-data,ML127_130717 Cam2,img010963.png,177.68873383790495,236.96765427590046,,,87.08709126766209,292.11648018822217,109.03407300827993,382.71812275846503,296.99027560741735,386.6573246093452,478.7563038694573,380.46715027224786
labeled-data,ML127_130717 Cam2,img012766.png,,,417.4173036200383,251.03623231475808,499.57779936696653,295.49293891754803,109.03407300827993,382.71812275846503,296.99027560741735,386.6573246093452,481.0072763556746,379.3416640291393
labeled-data,ML127_130717 Cam2,img014013.png,,,,,,,109.03407300827993,382.71812275846503,296.99027560741735,386.6573246093452,481.0072763556746,379.3416640291393
labeled-data,ML127_130717 Cam2,img017886.png,,,84.83611878144487,232.465709303466,134.35751347822358,318.00266377972014,109.03407300827993,382.71812275846503,296.99027560741735,386.6573246093452,481.0072763556746,379.3416640291393
labeled-data,ML127_130717 Cam2,img018557.png,,,293.6138168780915,249.34800295009518,412.91535864760385,310.68700319951427,109.03407300827993,382.71812275846503,296.99027560741735,386.6573246093452,481.0072763556746,379.3416640291393
labeled-data,ML127_130717 Cam2,img019931.png,,,396.59580812252904,258.91463601651833,481.57001947722887,329.25752621080625,109.03407300827993,382.71812275846503,296.99027560741735,386.6573246093452,481.0072763556746,379.3416640291393
labeled-data,ML127_130717 Cam2,img030211.png,253.65905524773595,242.5950854914435,,,151.2398071248527,314.06346192884007,109.03407300827993,382.71812275846503,296.99027560741735,386.6573246093452,481.0072763556746,378.77892090758496
labeled-data,ML127_130717 Cam2,img034707.png,,,411.7898724044952,240.9068561267806,488.3229369358805,312.93797568573143,109.03407300827993,382.71812275846503,296.99027560741735,386.6573246093452,481.0072763556746,378.77892090758496
labeled-data,ML127_130717 Cam2,img038167.png,208.63960552339162,254.97543416563818,,,114.66150422382296,338.82415927722934,109.03407300827993,382.71812275846503,296.99027560741735,386.6573246093452,481.0072763556746,378.77892090758496
labeled-data,ML127_130717 Cam2,img043512.png,179.37696320256785,253.84994792252954,,,85.96160502455348,297.1811682822109,109.03407300827993,382.71812275846503,296.99027560741735,386.6573246093452,481.0072763556746,378.77892090758496
labeled-data,ML127_130717 Cam2,img047435.png,,,408.4134136751694,260.60286538118123,486.0719644496633,324.19283811681754,109.03407300827993,382.71812275846503,296.99027560741735,386.6573246093452,481.0072763556746,378.77892090758496
labeled-data,ML127_130717 Cam2,img047997.png,188.3808531474367,258.351892894964,,,87.08709126766209,296.6184251606566,109.03407300827993,382.71812275846503,296.99027560741735,386.6573246093452,481.0072763556746,378.77892090758496
labeled-data,ML127_130717 Cam2,img051611.png,,,,,,,109.03407300827993,382.71812275846503,296.99027560741735,386.6573246093452,481.0072763556746,378.77892090758496
labeled-data,ML127_130717 Cam2,img053217.png,191.19456875520822,253.28720480097527,,,85.96160502455348,294.9301957959937,109.03407300827993,382.71812275846503,296.99027560741735,386.6573246093452,481.0072763556746,378.77892090758496
labeled-data,ML127_130717 Cam2,img058868.png,340.884239088653,249.34800295009518,,,271.66683513747364,361.33388413940156,109.03407300827993,382.71812275846503,296.99027560741735,386.6573246093452,481.0072763556746,378.77892090758496
labeled-data,ML127_130717 Cam2,img064788.png,242.40419281664984,226.27553496636867,,,170.37307325769902,314.06346192884007,109.03407300827993,382.71812275846503,296.99027560741735,386.6573246093452,481.0072763556746,378.77892090758496
labeled-data,ML127_130717 Cam2,img068274.png,170.9358163792533,244.2833148561064,,,99.46743994185675,330.38301245391483,109.03407300827993,382.71812275846503,296.99027560741735,386.6573246093452,481.0072763556746,378.77892090758496
labeled-data,ML127_130717 Cam2,img068350.png,177.68873383790495,255.5381772871925,,,78.64594444434755,294.9301957959937,109.03407300827993,382.71812275846503,296.99027560741735,386.6573246093452,481.0072763556746,378.77892090758496
labeled-data,ML127_130717 Cam2,img070326.png,,,428.67216605112435,244.84605797766073,495.0758543945322,332.6339849401321,109.03407300827993,382.71812275846503,296.99027560741735,386.6573246093452,481.0072763556746,378.77892090758496
labeled-data,ML127_130717 Cam2,img075265.png,,,409.53889991827805,255.53817728719253,499.57779936696653,291.5537370666679,109.03407300827993,382.71812275846503,296.99027560741735,386.6573246093452,481.0072763556746,378.77892090758496
labeled-data,ML138_040418 Cam2,img07369.png,754.4870163122171,525.1020440730252,,,608.3918658300735,750.4736328012933,242.58772935152777,761.7988382650254,652.5601671386285,756.1362355331594,1044.412276183758,739.1484273375613
labeled-data,ML138_040418 Cam2,img07715.png,345.6470990714895,531.8971673512646,,,190.49178421836027,747.0760711621738,242.58772935152777,761.7988382650254,646.8975644067625,751.6061533476666,1043.2797556373848,735.7508656984417
labeled-data,ML138_040418 Cam2,img08315.png,342.24953743236995,526.2345646193985,,,188.22674312561387,742.5459889766809,242.58772935152777,761.7988382650254,646.8975644067625,751.6061533476666,1043.2797556373848,735.7508656984417
labeled-data,ML138_040418 Cam2,img09590.png,708.0536739109157,513.7768386092932,,,594.801619273595,753.871194440413,242.58772935152777,761.7988382650254,646.8975644067625,751.6061533476666,1043.2797556373848,735.7508656984417
labeled-data,ML138_040418 Cam2,img12139.png,,,932.2927420928104,405.0548661574653,1010.4366597925618,633.824016524853,242.58772935152777,761.7988382650254,646.8975644067625,751.6061533476666,1043.2797556373848,735.7508656984417
labeled-data,ML138_040418 Cam2,img19330.png,345.6470990714895,514.9093591556664,,,215.4072362385708,731.2207835129489,242.58772935152777,761.7988382650254,646.8975644067625,751.6061533476666,1043.2797556373848,735.7508656984417
labeled-data,ML138_040418 Cam2,img20709.png,,,446.44142769870496,555.6800988251018,683.138221890705,710.8354136782311,242.58772935152777,761.7988382650254,646.8975644067625,751.6061533476666,1043.2797556373848,735.7508656984417
labeled-data,ML138_040418 Cam2,img23035.png,,,,,,,242.58772935152777,761.7988382650254,646.8975644067625,751.6061533476666,1043.2797556373848,735.7508656984417
labeled-data,ML138_040418 Cam2,img24260.png,,,936.8228242783034,510.3792769701735,1090.8456185850594,711.9679342246043,242.58772935152777,761.7988382650254,646.8975644067625,751.6061533476666,1043.2797556373848,735.7508656984417
labeled-data,ML138_040418 Cam2,img26406.png,349.04466071060915,526.2345646193985,,,185.9617020328674,749.3411122549202,242.58772935152777,761.7988382650254,646.8975644067625,751.6061533476666,1043.2797556373848,735.7508656984417
labeled-data,ML138_040418 Cam2,img28772.png,723.9089615601405,513.7768386092932,,,626.5121945720448,738.0159067911881,242.58772935152777,761.7988382650254,646.8975644067625,751.6061533476666,1043.2797556373848,735.7508656984417
labeled-data,ML138_040418 Cam2,img28913.png,312.8040032266665,458.2833318370061,,,174.63649656913535,711.9679342246043,242.58772935152777,761.7988382650254,646.8975644067625,751.6061533476666,1043.2797556373848,735.7508656984417
labeled-data,ML138_040418 Cam2,img29295.png,,,879.0642764132698,516.0418797020396,1149.7366869964662,740.2809478839345,242.58772935152777,761.7988382650254,646.8975644067625,751.6061533476666,1043.2797556373848,735.7508656984417
labeled-data,ML138_040418 Cam2,img30700.png,,,916.4374544435856,518.306920794786,1175.78465956305,735.7508656984417,242.58772935152777,761.7988382650254,646.8975644067625,751.6061533476666,1043.2797556373848,735.7508656984417
labeled-data,ML138_040418 Cam2,img31065.png,,,899.4496462479875,516.0418797020396,1157.6643308210785,743.6785095230541,242.58772935152777,761.7988382650254,646.8975644067625,751.6061533476666,1043.2797556373848,735.7508656984417
labeled-data,ML138_040418 Cam2,img33447.png,402.27312639014986,405.0548661574653,,,247.11781153702057,708.5703725854847,242.58772935152777,761.7988382650254,646.8975644067625,751.6061533476666,1043.2797556373848,735.7508656984417
labeled-data,ML138_040418 Cam2,img33763.png,723.9089615601405,510.3792769701735,,,617.4520302010591,750.4736328012933,242.58772935152777,761.7988382650254,646.8975644067625,751.6061533476666,1043.2797556373848,735.7508656984417
labeled-data,ML138_040418 Cam2,img42323.png,,,943.6179475565425,468.47601675436493,1077.255372028581,698.3776876681259,242.58772935152777,761.7988382650254,646.8975644067625,751.6061533476666,1043.2797556373848,735.7508656984417
labeled-data,ML138_040418 Cam2,img43455.png,344.51457852511635,517.1744002484128,,,204.08203077483873,740.2809478839345,242.58772935152777,761.7988382650254,646.8975644067625,751.6061533476666,1043.2797556373848,735.7508656984417
labeled-data,ML138_040418 Cam2,img43458.png,354.7072634424752,517.1744002484128,,,201.81698968209233,744.8110300694274,242.58772935152777,761.7988382650254,646.8975644067625,751.6061533476666,1043.2797556373848,735.7508656984417
labeled-data,ML140_190818 Cam2,img09419.png,,,913.039892804466,527.3670851657716,1059.1350432866095,782.1842080997432,219.93731842406365,889.7736600051977,635.5723589430304,895.4362627370638,1036.4846323591455,888.6411394588246
labeled-data,ML140_190818 Cam2,img10180.png,1106.7009062342843,547.7524550004894,,,911.9073722580928,769.7264820896379,219.93731842406365,889.7736600051977,635.5723589430304,895.4362627370638,1036.4846323591455,888.6411394588246
labeled-data,ML140_190818 Cam2,img12381.png,779.4024683324276,494.5239893209486,463.429235894303,528.4996057121449,629.9097562111643,743.6785095230541,219.93731842406365,889.7736600051977,635.5723589430304,895.4362627370638,1036.4846323591455,888.6411394588246
labeled-data,ML140_190818 Cam2,img16888.png,838.2935367438344,520.5719618875324,515.5251810274706,545.487413907743,640.1024411285232,786.714290285236,219.93731842406365,889.7736600051977,635.5723589430304,895.4362627370638,1036.4846323591455,888.6411394588246
labeled-data,ML140_190818 Cam2,img17502.png,,,535.9105508621883,582.8605919380587,620.8495918401787,837.6777148720303,219.93731842406365,889.7736600051977,635.5723589430304,895.4362627370638,1036.4846323591455,888.6411394588246
labeled-data,ML140_190818 Cam2,img21119.png,1175.78465956305,556.8126193714751,871.1366325886573,563.6077426497143,1029.6895090809062,819.557386130059,219.93731842406365,889.7736600051977,635.5723589430304,895.4362627370638,1036.4846323591455,888.6411394588246
labeled-data,ML140_190818 Cam2,img22746.png,275.4308251963507,543.2223728149966,,,159.91372946628368,764.0638793577718,219.93731842406365,889.7736600051977,635.5723589430304,895.4362627370638,1036.4846323591455,888.6411394588246
labeled-data,ML140_190818 Cam2,img33251.png,759.0170984977099,610.0410850510158,,,550.63331796504,826.3525094082981,219.93731842406365,889.7736600051977,635.5723589430304,895.4362627370638,1036.4846323591455,888.6411394588246
labeled-data,ML140_190818 Cam2,img34647.png,338.8519757932503,488.86138658908266,,,191.62430476473347,714.2329753173508,219.93731842406365,889.7736600051977,635.5723589430304,895.4362627370638,1036.4846323591455,888.6411394588246
labeled-data,ML140_190818 Cam2,img34913.png,266.3706608253651,544.3548933613698,,,173.50397602276215,794.6419341098484,219.93731842406365,889.7736600051977,635.5723589430304,895.4362627370638,1036.4846323591455,888.6411394588246
labeled-data,ML140_190818 Cam2,img40315.png,,,941.3529064637962,595.3183179481641,1087.4480569459397,818.4248655836857,219.93731842406365,889.7736600051977,635.5723589430304,895.4362627370638,1034.219591266399,889.7736600051977
labeled-data,ML140_190818 Cam2,img40754.png,283.3584690209632,519.4394413411593,,,171.23893493001574,751.6061533476666,219.93731842406365,889.7736600051977,635.5723589430304,895.4362627370638,1034.219591266399,889.7736600051977
labeled-data,ML140_190818 Cam2,img44282.png,295.81619503106845,556.8126193714751,,,201.81698968209233,794.6419341098484,219.93731842406365,889.7736600051977,635.5723589430304,895.4362627370638,1034.219591266399,889.7736600051977
labeled-data,ML140_190818 Cam2,img46083.png,552.8983590577864,525.1020440730252,,,320.73164705127897,644.0167014422119,219.93731842406365,889.7736600051977,635.5723589430304,895.4362627370638,1034.219591266399,889.7736600051977
labeled-data,ML140_190818 Cam2,img46719.png,,,813.3780847236238,591.9207563090445,1052.3399200083704,783.3167286461163,219.93731842406365,889.7736600051977,635.5723589430304,895.4362627370638,1034.219591266399,889.7736600051977
labeled-data,ML140_190818 Cam2,img48431.png,,,458.8991537088102,142.31009939888145,714.8487971891549,176.28571579007763,219.93731842406365,889.7736600051977,635.5723589430304,895.4362627370638,1034.219591266399,889.7736600051977
labeled-data,ML140_190818 Cam2,img48981.png,,,911.9073722580928,551.150016639609,1072.7252898430881,783.3167286461163,219.93731842406365,889.7736600051977,635.5723589430304,895.4362627370638,1034.219591266399,889.7736600051977
labeled-data,ML140_190818 Cam2,img52746.png,,,883.5943585987626,598.7158795872837,1058.0025227402364,813.8947833981929,219.93731842406365,889.7736600051977,635.5723589430304,895.4362627370638,1034.219591266399,889.7736600051977
labeled-data,ML140_190818 Cam2,img53290.png,358.10482508159487,571.5353864743267,,,189.35926367198707,779.9191670069968,219.93731842406365,889.7736600051977,635.5723589430304,895.4362627370638,1034.219591266399,889.7736600051977
labeled-data,ML140_190818 Cam2,img53477.png,356.9723045352216,574.9329481134464,,,175.7690171155086,784.4492491924896,219.93731842406365,889.7736600051977,635.5723589430304,895.4362627370638,1034.219591266399,889.7736600051977
labeled-data,ML145_051118 Cam2,img07098.png,,,94.22753777663772,563.6077426497143,269.76822246448467,807.0996601199537,236.9251266196617,887.5086189124513,644.6325233140161,886.3760983660782,1043.2797556373848,884.1110572733318
labeled-data,ML145_051118 Cam2,img08240.png,1176.9171801094233,512.64431806292,865.4740298567913,402.7898250647189,897.1846051552411,758.4012766259058,236.9251266196617,887.5086189124513,644.6325233140161,886.3760983660782,1043.2797556373848,884.1110572733318
labeled-data,ML145_051118 Cam2,img10794.png,,,258.44301700075266,82.28651044110153,380.755236009059,535.2947289903841,236.9251266196617,887.5086189124513,644.6325233140161,886.3760983660782,1043.2797556373848,884.1110572733318
labeled-data,ML145_051118 Cam2,img11752.png,774.8723861469348,559.0776604642215,,,410.2007702147623,912.4240709326618,236.9251266196617,887.5086189124513,644.6325233140161,886.3760983660782,1043.2797556373848,884.1110572733318
labeled-data,ML145_051118 Cam2,img17706.png,368.2975099989536,571.5353864743267,77.23972958103963,550.0174960932358,241.45520880515457,811.6297423054465,236.9251266196617,887.5086189124513,644.6325233140161,886.3760983660782,1043.2797556373848,884.1110572733318
labeled-data,ML145_051118 Cam2,img18085.png,,,376.2251538235661,548.8849755468626,629.9097562111643,761.7988382650254,236.9251266196617,887.5086189124513,644.6325233140161,886.3760983660782,1043.2797556373848,884.1110572733318
labeled-data,ML145_051118 Cam2,img18688.png,941.3529064637962,547.7524550004894,,,710.3187150036621,697.2451671217526,236.9251266196617,887.5086189124513,644.6325233140161,886.3760983660782,1043.2797556373848,884.1110572733318
labeled-data,ML145_051118 Cam2,img20991.png,865.4740298567915,615.7036877828817,551.7658385114131,499.0540715064415,662.7528520559873,765.196399904145,236.9251266196617,887.5086189124513,644.6325233140161,886.3760983660782,1043.2797556373848,884.1110572733318
labeled-data,ML145_051118 Cam2,img21384.png,530.2479481303224,491.126427681829,105.55274324036978,511.5117975165468,301.4787977629345,798.039495748968,236.9251266196617,887.5086189124513,644.6325233140161,886.3760983660782,1043.2797556373848,884.1110572733318
labeled-data,ML145_051118 Cam2,img22141.png,396.6105236582839,518.306920794786,79.50477067378603,583.993112484432,259.5755375471258,808.2321806663268,236.9251266196617,887.5086189124513,644.6325233140161,886.3760983660782,1043.2797556373848,884.1110572733318
labeled-data,ML145_051118 Cam2,img22406.png,367.1649894525806,564.7402631960874,62.516962478187935,591.9207563090445,243.72024989790097,816.1598244909393,236.9251266196617,887.5086189124513,644.6325233140161,886.3760983660782,1043.2797556373848,884.1110572733318
labeled-data,ML145_051118 Cam2,img23799.png,769.209783415069,611.1736055973889,,,603.8617836445807,811.6297423054465,236.9251266196617,887.5086189124513,644.6325233140161,886.3760983660782,1043.2797556373848,884.1110572733318
labeled-data,ML145_051118 Cam2,img24542.png,361.5023867207145,596.4508384945373,,,207.47959241395833,811.6297423054465,236.9251266196617,887.5086189124513,644.6325233140161,886.3760983660782,1043.2797556373848,884.1110572733318
labeled-data,ML145_051118 Cam2,img25849.png,,,931.1602215464372,563.6077426497143,1088.580577492313,798.039495748968,236.9251266196617,887.5086189124513,644.6325233140161,886.3760983660782,1043.2797556373848,884.1110572733318
labeled-data,ML145_051118 Cam2,img30303.png,,,102.15518160125015,564.7402631960875,249.38285262976697,809.3647012127001,236.9251266196617,887.5086189124513,644.6325233140161,886.3760983660782,1043.2797556373848,884.1110572733318
labeled-data,ML145_051118 Cam2,img31546.png,,,543.8381946868006,581.7280713916856,663.8853726023606,816.1598244909393,236.9251266196617,887.5086189124513,644.6325233140161,886.3760983660782,1043.2797556373848,884.1110572733318
labeled-data,ML145_051118 Cam2,img33807.png,395.47800311191065,523.969523526652,81.76981176653246,531.8971673512646,272.03326355723107,817.2923450373125,236.9251266196617,887.5086189124513,644.6325233140161,886.3760983660782,1043.2797556373848,884.1110572733318
labeled-data,ML145_051118 Cam2,img36985.png,333.18937306138434,523.969523526652,,,,,236.9251266196617,887.5086189124513,644.6325233140161,886.3760983660782,1043.2797556373848,884.1110572733318
labeled-data,ML145_051118 Cam2,img39920.png,820.1732080018633,523.969523526652,,,643.5000027676429,765.196399904145,236.9251266196617,887.5086189124513,644.6325233140161,886.3760983660782,1043.2797556373848,884.1110572733318
labeled-data,ML145_051118 Cam2,img45904.png,,,146.32348290980522,540.9573317222502,251.64789372251343,836.545194325657,236.9251266196617,887.5086189124513,644.6325233140161,886.3760983660782,1043.2797556373848,884.1110572733318
labeled-data,ML149_060519 Cam2,img09777.png,,,901.7146873407339,594.1857974017909,1063.6651254721025,799.1720162953412,221.06983897043685,860.3281257994944,626.5121945720448,862.5931668922408,1033.0870707200258,869.38829017048
labeled-data,ML149_060519 Cam2,img13487.png,,,450.97150988419776,583.993112484432,636.7048794894037,818.4248655836857,221.06983897043685,860.3281257994944,626.5121945720448,862.5931668922408,1033.0870707200258,868.2557696241068
labeled-data,ML149_060519 Cam2,img14120.png,,,71.5771268491736,604.3784823191497,234.6600855269153,810.4972217590733,221.06983897043685,860.3281257994944,627.6447151184179,865.9907285313604,1041.0147145446383,867.1232490777336
labeled-data,ML149_060519 Cam2,img14194.png,,,891.522002423375,593.0532768554176,1052.3399200083704,775.3890848215038,221.06983897043685,860.3281257994944,627.6447151184179,865.9907285313604,1041.0147145446383,867.1232490777336
labeled-data,ML149_060519 Cam2,img14865.png,394.3454825655374,568.1378248352071,99.89014050850375,473.00609893985774,189.35926367198707,787.8468108316092,221.06983897043685,860.3281257994944,627.6447151184179,865.9907285313604,1041.0147145446383,867.1232490777336
labeled-data,ML149_060519 Cam2,img15263.png,783.9325505179205,204.5987294494078,439.64630442046575,273.6824827781734,643.5000027676429,795.7744546562216,221.06983897043685,860.3281257994944,627.6447151184179,865.9907285313604,1041.0147145446383,867.1232490777336
labeled-data,ML149_060519 Cam2,img15936.png,455.50159206969056,602.1134412264033,,,200.68446913571913,768.5939615432646,221.06983897043685,860.3281257994944,627.6447151184179,865.9907285313604,1041.0147145446383,867.1232490777336
labeled-data,ML149_060519 Cam2,img16601.png,377.35767436993933,533.0296878976377,,,176.9015376618818,765.196399904145,221.06983897043685,860.3281257994944,627.6447151184179,865.9907285313604,1041.0147145446383,867.1232490777336
labeled-data,ML149_060519 Cam2,img23652.png,344.51457852511635,508.1142358774271,,,205.21455132121193,771.9915231823843,218.80479787769045,861.4606463458675,627.6447151184179,865.9907285313604,1041.0147145446383,867.1232490777336
labeled-data,ML149_060519 Cam2,img27168.png,,,899.4496462479875,611.1736055973889,1084.0504953068203,812.7622628518197,227.86496224867605,862.5931668922408,627.6447151184179,865.9907285313604,1041.0147145446383,867.1232490777336
labeled-data,ML149_060519 Cam2,img29412.png,,,894.9195640624947,578.330509752566,1063.6651254721025,802.5695779344609,227.86496224867605,861.4606463458675,627.6447151184179,865.9907285313604,1041.0147145446383,867.1232490777336
labeled-data,ML149_060519 Cam2,img31268.png,,,914.1724133508392,586.2581535771784,1064.7976460184757,776.5216053678771,227.86496224867605,861.4606463458675,627.6447151184179,865.9907285313604,1041.0147145446383,867.1232490777336
labeled-data,ML149_060519 Cam2,img33889.png,,,73.84216794192,563.6077426497143,224.46740060955645,795.7744546562216,227.86496224867605,861.4606463458675,627.6447151184179,865.9907285313604,1041.0147145446383,867.1232490777336
labeled-data,ML149_060519 Cam2,img38787.png,373.9601127308197,526.2345646193985,74.9746884882932,516.0418797020396,222.20235951681005,809.3647012127001,227.86496224867605,861.4606463458675,627.6447151184179,865.9907285313604,1041.0147145446383,867.1232490777336
labeled-data,ML149_060519 Cam2,img44551.png,803.185399806265,613.4386466901353,,,599.3317014590878,808.2321806663268,227.86496224867605,861.4606463458675,627.6447151184179,865.9907285313604,1041.0147145446383,867.1232490777336
labeled-data,ML149_060519 Cam2,img45534.png,449.8389893378246,599.8484001336569,,,200.68446913571913,784.4492491924896,227.86496224867605,861.4606463458675,627.6447151184179,865.9907285313604,1041.0147145446383,867.1232490777336
labeled-data,ML149_060519 Cam2,img46706.png,,,899.4496462479875,535.2947289903841,1082.917974760447,752.7386738940397,227.86496224867605,861.4606463458675,627.6447151184179,865.9907285313604,1041.0147145446383,867.1232490777336
labeled-data,ML149_060519 Cam2,img50740.png,,,916.4374544435856,530.7646468048913,1051.2073994619973,768.5939615432646,227.86496224867605,861.4606463458675,627.6447151184179,865.9907285313604,1041.0147145446383,867.1232490777336
labeled-data,ML149_060519 Cam2,img58213.png,,,79.50477067378603,550.0174960932358,235.7926060732885,784.4492491924896,227.86496224867605,861.4606463458675,627.6447151184179,865.9907285313604,1041.0147145446383,867.1232490777336
labeled-data,ML149_060519 Cam2,img65626.png,,,899.4496462479875,547.7524550004894,1052.3399200083704,795.7744546562216,227.86496224867605,861.4606463458675,627.6447151184179,865.9907285313604,1041.0147145446383,867.1232490777336
labeled-data,PMA17_2020-11-16-154227 Cam2,img09584.png,484.9091142390543,555.8297301500895,288.12087254063283,565.2005988023953,413.6905124815303,737.6245820048216,413.6905124815303,831.3332685278795,773.5318687300722,823.8365736060348,1138.9957461699978,793.8497939186564
labeled-data,PMA17_2020-11-16-154227 Cam2,img17868.png,,,1045.2870596469402,533.3396453845556,1185.8500894315266,664.5318065168366,408.0679912901469,840.7041371801852,762.2868263473055,825.710747336496,1137.1215724395363,801.3464888405009
labeled-data,PMA17_2020-11-16-154227 Cam2,img19788.png,466.1673769344427,567.0747725328565,,,394.94877517691873,732.0020608134382,421.1872074033749,827.5849210669571,766.0351738082278,814.4657049537291,1116.5056614044638,793.8497939186564
labeled-data,PMA17_2020-11-16-154227 Cam2,img20138.png,,,1030.2936698032509,542.7105140368615,1172.7308733182986,653.2867641340697,417.4388599424526,833.2074422583405,766.0351738082278,825.710747336496,1142.74409363092,795.7239676491174
labeled-data,PMA17_2020-11-16-154227 Cam2,img20598.png,,,1030.2936698032509,533.3396453845556,1163.3600046659926,668.2801539777588,396.8229489073799,825.710747336496,771.6576949996112,821.9623998755736,1142.74409363092,797.5981413795786
labeled-data,PMA17_2020-11-16-154227 Cam2,img20890.png,498.0283303522823,552.0813826891672,,,396.8229489073799,737.6245820048216,408.0679912901469,835.0816159888018,775.4060424605335,825.710747336496,1129.624877517692,793.8497939186564
labeled-data,PMA17_2020-11-16-154227 Cam2,img22001.png,,,1013.4261062291004,523.9687767322499,1146.4924410918425,679.5251963605258,402.4454700987634,835.0816159888018,764.1610000777665,814.4657049537291,1131.4990512481531,799.4723151100397
labeled-data,PMA17_2020-11-16-154227 Cam2,img25135.png,,,674.200661015631,533.3396453845556,805.3928221479119,698.2669336651373,406.1938175596857,836.9557897192628,766.0351738082278,836.9557897192628,1140.869919900459,797.5981413795786
labeled-data,PMA17_2020-11-16-154227 Cam2,img31259.png,492.4058091608989,580.1939886460846,,,372.4586904113849,739.4987557352828,409.942165020608,835.0816159888018,764.1610000777665,816.3398786841901,1131.4990512481531,799.4723151100397
labeled-data,PMA17_2020-11-16-154227 Cam2,img33034.png,,,,,,,409.942165020608,835.0816159888018,762.2868263473055,823.8365736060348,1131.4990512481531,801.3464888405009
labeled-data,PMA17_2020-11-16-154227 Cam2,img33504.png,,,,,,,404.31964382922456,835.0816159888018,767.9093475386888,823.8365736060348,1120.2540088653864,797.5981413795786
labeled-data,PMA17_2020-11-16-154227 Cam2,img34265.png,,,,,408.0679912901469,733.8762345438993,398.69712263784106,838.829963449724,754.7901314254608,820.0882261451125,1131.4990512481531,797.5981413795786
labeled-data,PMA17_2020-11-16-154227 Cam2,img34353.png,,,1022.796974881406,552.0813826891672,1187.724263161988,675.7768488996035,402.4454700987634,831.3332685278795,754.7901314254608,825.710747336496,1131.4990512481531,803.2206625709621
labeled-data,PMA17_2020-11-16-154227 Cam2,img35351.png,484.9091142390543,561.452251341473,,,389.3262539855352,739.4987557352828,400.5712963683022,835.0816159888018,764.1610000777665,818.2140524146513,1118.379835134925,801.3464888405009
labeled-data,PMA17_2020-11-16-154227 Cam2,img35557.png,,,,,,,,,786.6510848433005,820.0882261451125,1137.1215724395363,797.5981413795786
labeled-data,PMA17_2020-11-16-154227 Cam2,img37882.png,,,992.8101951940276,497.7303445057937,1159.6116572050703,657.0351115949919,411.8163387510691,835.0816159888018,769.7835212691499,821.9623998755736,1129.624877517692,799.4723151100397
labeled-data,PMA17_2020-11-16-154227 Cam2,img49973.png,1217.7110428493663,441.5051325919591,1019.0486274204836,473.36608600979866,1131.4990512481531,640.1675480208415,409.942165020608,831.3332685278795,756.6643051559219,840.7041371801852,1124.0023563263085,797.5981413795786
labeled-data,PMA17_2020-11-16-154227 Cam2,img50845.png,,,1034.042017264173,544.5846877673226,1168.9825258573765,698.2669336651373,409.942165020608,835.0816159888018,766.0351738082278,820.0882261451125,1135.2473987090757,797.5981413795786
labeled-data,PMA17_2020-11-16-154227 Cam2,img53996.png,,,1026.5453223423283,540.8363403064003,1155.8633097441484,675.7768488996035,413.6905124815303,835.0816159888018,767.9093475386888,827.5849210669571,1135.2473987090757,799.4723151100397
labeled-data,PMA17_2020-11-16-154227 Cam2,img63341.png,,,1032.1678435337117,553.9555564196284,1131.4990512481531,703.8894548565208,404.31964382922456,833.2074422583405,771.6576949996112,818.2140524146513,1125.8765300567693,806.9690100318844
labeled-data,PMA17_2020-11-24-122203 Cam2,img013779.png,861.6180340617467,450.8760012442649,722.9291780076211,546.4588614977838,884.1081188272805,670.1543277082201,301.2400886538609,857.5717007543356,659.2072711719419,842.5783109106463,1030.2936698032509,827.5849210669571
labeled-data,PMA17_2020-11-24-122203 Cam2,img017780.png,400.5712963683022,602.6840734116184,205.657228400342,548.333035228245,260.00826658371545,746.9954506571273,297.49174119293866,850.0750058324909,677.9490084765533,844.4524846411075,1050.9095808383236,823.8365736060348
labeled-data,PMA17_2020-11-24-122203 Cam2,img022334.png,,,940.3333307411152,565.2005988023953,1062.1546232210903,724.5053658915936,297.49174119293866,851.9491795629522,674.200661015631,844.4524846411075,1032.1678435337117,823.8365736060348
labeled-data,PMA17_2020-11-24-122203 Cam2,img032289.png,1109.0089664826191,493.9819970448714,936.5849832801928,531.4654716540945,1071.5254918733965,703.8894548565208,301.2400886538609,855.6975270238744,655.4589237110196,840.7041371801852,1043.412885916479,825.710747336496
labeled-data,PMA17_2020-11-24-122203 Cam2,img034966.png,1120.2540088653864,535.2138191150168,906.5982035928143,565.2005988023953,1028.4194960727896,718.8828447002101,304.9884361147832,846.3266583715687,646.0880550587136,838.829963449724,1026.5453223423283,829.4590947974182
labeled-data,PMA17_2020-11-24-122203 Cam2,img039384.png,389.3262539855352,567.0747725328565,185.0413173652693,548.333035228245,276.87583015786595,754.492145578972,299.3659149233998,848.2008321020298,653.5847499805583,848.2008321020298,1026.5453223423283,827.5849210669571
labeled-data,PMA17_2020-11-24-122203 Cam2,img047810.png,1107.1347927521583,480.8627809316433,910.3465510537368,535.2138191150168,1045.2870596469402,687.0218912823705,299.3659149233998,859.4458744847967,653.5847499805583,842.5783109106463,1024.6711486118677,833.2074422583405
labeled-data,PMA17_2020-11-24-122203 Cam2,img049800.png,1047.161233377401,434.0084376701144,904.7240298623532,537.087992845478,1060.280449490629,649.5384166731474,306.8626098452444,851.9491795629522,670.4523135547089,848.2008321020297,1028.4194960727896,829.4590947974182
labeled-data,PMA17_2020-11-24-122203 Cam2,img052205.png,,,,,,,308.73678357570554,851.9491795629522,662.955618632864,844.4524846411075,1028.4194960727896,831.3332685278795
labeled-data,PMA17_2020-11-24-122203 Cam2,img053378.png,383.7037327941519,574.5714674547011,,,273.1274826969436,748.8696243875886,295.6175674624775,853.8233532934132,659.2072711719419,848.2008321020298,1030.2936698032509,833.2074422583405
labeled-data,PMA17_2020-11-24-122203 Cam2,img060395.png,383.7037327941519,582.0681623765457,209.4055758612643,546.4588614977838,271.25330896648245,741.3729294657439,301.2400886538609,853.8233532934132,661.081444902403,850.0750058324909,1024.6711486118677,833.2074422583405
labeled-data,PMA17_2020-11-24-122203 Cam2,img060847.png,,,930.9624620888096,574.5714674547011,1064.0287969515516,718.8828447002101,306.8626098452444,855.6975270238744,661.081444902403,846.3266583715687,1017.1744536900228,823.8365736060348
labeled-data,PMA17_2020-11-24-122203 Cam2,img061161.png,,,921.5915934365038,540.8363403064003,1045.2870596469402,722.6311921611324,303.11426238432205,853.8233532934132,666.7039660937863,850.0750058324909,1022.796974881406,831.3332685278795
labeled-data,PMA17_2020-11-24-122203 Cam2,img062101.png,1137.1215724395363,501.478691966716,934.7108095497318,529.5912979236334,1034.042017264173,703.8894548565208,286.24669881017167,857.5717007543356,670.4523135547087,836.9557897192628,1019.0486274204836,825.710747336496
labeled-data,PMA17_2020-11-24-122203 Cam2,img063200.png,404.31964382922456,587.6906835679292,213.15392332218664,538.9621665759391,278.7500038883271,746.9954506571273,295.6175674624775,844.4524846411075,676.0748347460923,840.7041371801852,1015.3002799595614,827.5849210669571
labeled-data,PMA17_2020-11-24-122203 Cam2,img066403.png,1112.7573139435417,497.7303445057937,923.4657671669648,553.9555564196284,1056.532102029707,702.0152811260597,299.3659149233998,851.9491795629522,664.829792363325,836.9557897192628,1035.9161909946342,829.4590947974182
labeled-data,PMA17_2020-11-24-122203 Cam2,img067312.png,,,488.6574616999766,538.9621665759391,655.4589237110196,687.0218912823705,306.8626098452444,848.2008321020298,676.0748347460923,840.7041371801852,1039.6645384555563,820.0882261451125
labeled-data,PMA17_2020-11-24-122203 Cam2,img067714.png,1118.379835134925,473.36608600979866,887.8564662882028,522.0946030017888,1032.1678435337117,688.8960650128315,297.49174119293866,850.0750058324909,655.4589237110196,844.4524846411075,1030.2936698032509,820.0882261451125
labeled-data,PMA17_2020-11-24-122203 Cam2,img069637.png,398.69712263784106,570.8231199937788,218.77644451357003,542.7105140368615,271.25330896648245,756.3663193094332,282.49835134924933,851.9491795629522,653.5847499805583,844.4524846411075,1026.5453223423283,829.4590947974182
labeled-data,PMA17_2020-11-24-122203 Cam2,img077772.png,374.332864141846,559.5780776110118,201.90888093941965,540.8363403064003,276.87583015786595,741.3729294657439,291.8692200015552,848.2008321020298,672.32648728517,838.829963449724,1024.6711486118677,825.710747336496
labeled-data,PMA17_2020-11-27-090123 Cam2,img015354.png,,,897.2273349405087,546.4588614977838,1060.280449490629,668.2801539777588,304.9884361147832,840.7041371801852,676.0748347460923,825.710747336496,1039.6645384555563,791.9756201881951
labeled-data,PMA17_2020-11-27-090123 Cam2,img019395.png,,,,,1067.7771444124735,662.6576327863754,312.4851310366279,844.4524846411075,679.8231822070146,825.710747336496,1039.6645384555563,795.7239676491174
labeled-data,PMA17_2020-11-27-090123 Cam2,img027826.png,419.3130336729138,563.3264250719342,,,273.1274826969436,745.1212769266663,295.6175674624775,835.0816159888018,691.0682245897814,823.8365736060348,1035.9161909946342,795.7239676491174
labeled-data,PMA17_2020-11-27-090123 Cam2,img028530.png,413.6905124815303,568.9489462633177,,,273.1274826969436,743.2471031962051,303.11426238432205,833.2074422583405,691.0682245897814,825.710747336496,1041.5387121860176,795.7239676491174
labeled-data,PMA17_2020-11-27-090123 Cam2,img028575.png,,,929.0882883583482,538.9621665759391,1026.5453223423283,696.3927599346762,318.1076522280114,846.3266583715687,679.8231822070146,827.5849210669571,1043.412885916479,795.7239676491174
labeled-data,PMA17_2020-11-27-090123 Cam2,img033374.png,379.9553853332295,568.9489462633177,,,291.8692200015552,743.2471031962051,299.3659149233998,838.829963449724,676.0748347460923,818.2140524146513,1039.6645384555563,795.7239676491174
labeled-data,PMA17_2020-11-27-090123 Cam2,img043143.png,,,944.0816782020376,553.9555564196284,1058.4062757601682,692.6444124737538,331.2268683412394,844.4524846411075,685.445703398398,823.8365736060348,1039.6645384555563,791.9756201881951
labeled-data,PMA17_2020-11-27-090123 Cam2,img045963.png,1129.624877517692,512.7237343494829,923.4657671669648,522.0946030017888,1035.9161909946342,696.3927599346762,303.11426238432205,833.2074422583405,685.445703398398,821.9623998755736,1039.6645384555563,799.4723151100397
labeled-data,PMA17_2020-11-27-090123 Cam2,img046475.png,411.8163387510691,527.7171241931723,194.41218601757495,555.8297301500895,329.35269461077826,718.8828447002101,312.4851310366279,838.829963449724,683.5715296679367,820.0882261451125,1037.7903647250955,801.3464888405009
labeled-data,PMA17_2020-11-27-090123 Cam2,img047360.png,408.0679912901469,580.1939886460846,209.4055758612643,522.0946030017888,282.49835134924933,750.7437981180497,312.4851310366279,836.9557897192628,683.5715296679367,827.5849210669571,1049.0354071078625,793.8497939186564
labeled-data,PMA17_2020-11-27-090123 Cam2,img052903.png,,,,,,,318.1076522280114,840.7041371801853,687.319877128859,823.8365736060348,1039.6645384555563,803.2206625709621
labeled-data,PMA17_2020-11-27-090123 Cam2,img056645.png,,,,,,,,,,,,
labeled-data,PMA17_2020-11-27-090123 Cam2,img081045.png,809.1411696088343,540.8363403064003,563.6244109184228,531.4654716540945,672.32648728517,705.763628586982,314.35930476708904,844.4524846411075,691.0682245897814,823.8365736060348,1050.9095808383236,797.5981413795786
labeled-data,PMA17_2020-11-27-090123 Cam2,img087668.png,1124.0023563263085,501.478691966716,923.4657671669648,501.478691966716,1017.1744536900228,668.2801539777588,321.8559996889337,835.0816159888018,676.0748347460923,816.3398786841901,1030.2936698032509,788.2272727272727
labeled-data,PMA17_2020-11-27-090123 Cam2,img095409.png,408.0679912901469,567.0747725328565,228.14731316587583,544.5846877673226,271.25330896648245,733.8762345438993,318.1076522280114,835.0816159888018,679.8231822070146,820.0882261451125,1049.0354071078625,790.101446457734
labeled-data,PMA17_2020-11-27-090123 Cam2,img095882.png,,,,,,,312.4851310366279,833.2074422583405,687.319877128859,812.5915312232678,1054.6579282992457,786.3530989968117
labeled-data,PMA17_2020-11-27-090123 Cam2,img098032.png,1122.1281825958472,510.8495606190219,914.0948985146592,512.7237343494829,1041.5387121860176,683.2735438214481,321.8559996889337,835.0816159888018,672.3264872851697,827.5849210669571,1039.6645384555563,795.7239676491174
labeled-data,PMA17_2020-11-27-090123 Cam2,img102711.png,,,,,696.690745781165,709.5119760479042,323.7301734193948,838.829963449724,668.5781398242476,827.5849210669571,1054.6579282992457,801.3464888405009
labeled-data,PMA17_2020-11-27-090123 Cam2,img104640.png,807.2669958783732,493.9819970448714,584.2403219534955,507.10121315809954,694.8165720507037,694.5185862042151,323.7301734193948,840.7041371801852,676.0748347460923,814.4657049537291,1045.2870596469402,801.3464888405009
labeled-data,PMA17_2020-11-27-090123 Cam2,img112677.png,,,,,,,331.2268683412394,831.3332685278795,677.9490084765533,816.3398786841901,1037.7903647250955,801.3464888405009
labeled-data,PMA17_2020-12-02-102317 Cam2,img014436.png,,,,,,,321.8559996889337,835.0816159888018,681.6973559374757,846.3266583715687,1054.6579282992457,840.7041371801852
labeled-data,PMA17_2020-12-02-102317 Cam2,img016186.png,839.1279492962127,514.5979080799441,,,696.690745781165,707.6378023174432,310.6109573061667,840.7041371801852,689.1940508593203,844.4524846411075,1045.2870596469402,835.0816159888018
labeled-data,PMA17_2020-12-02-102317 Cam2,img023196.png,406.1938175596857,555.8297301500895,,,321.8559996889337,720.7570184306712,323.7301734193948,835.0816159888018,681.6973559374757,835.0816159888018,1047.161233377401,829.4590947974182
labeled-data,PMA17_2020-12-02-102317 Cam2,img024058.png,408.0679912901469,578.3198149156234,,,299.3659149233998,730.1278870829769,304.9884361147832,836.9557897192628,687.319877128859,842.5783109106463,1043.412885916479,829.4590947974182
labeled-data,PMA17_2020-12-02-102317 Cam2,img025538.png,,,,,1037.7903647250955,739.4987557352828,310.6109573061667,833.2074422583405,672.32648728517,833.2074422583405,1028.4194960727896,836.9557897192628
labeled-data,PMA17_2020-12-02-102317 Cam2,img029578.png,432.4322497861418,587.6906835679292,,,282.49835134924933,711.3861497783655,318.1076522280114,838.829963449724,683.5715296679367,844.4524846411075,1045.2870596469402,836.9557897192628
labeled-data,PMA17_2020-12-02-102317 Cam2,img034937.png,423.0613811338361,585.8165098374681,,,297.49174119293866,733.8762345438993,293.7433937320164,831.3332685278795,683.5715296679367,844.4524846411075,1039.6645384555563,835.0816159888018
labeled-data,PMA17_2020-12-02-102317 Cam2,img040235.png,,,,,,,325.6043471498559,833.2074422583405,679.8231822070146,838.829963449724,1060.280449490629,842.5783109106463
labeled-data,PMA17_2020-12-02-102317 Cam2,img042752.png,1170.8566995878373,576.4456411851622,,,1037.7903647250955,732.0020608134382,312.4851310366279,831.3332685278795,674.200661015631,842.5783109106463,1041.5387121860176,838.829963449724
labeled-data,PMA17_2020-12-02-102317 Cam2,img049301.png,,,,,664.8297923633253,544.5846877673226,323.7301734193948,840.7041371801852,676.0748347460923,836.9557897192628,1045.2870596469402,836.9557897192628
labeled-data,PMA17_2020-12-02-102317 Cam2,img059046.png,,,977.8168053503384,595.1873784897739,,,323.7301734193948,842.5783109106463,672.32648728517,835.0816159888018,1028.4194960727896,833.2074422583405
labeled-data,PMA17_2020-12-02-102317 Cam2,img061412.png,406.1938175596857,585.8165098374681,,,286.24669881017167,722.6311921611324,325.6043471498559,836.9557897192628,689.1940508593203,838.829963449724,1035.9161909946342,844.4524846411075
labeled-data,PMA17_2020-12-02-102317 Cam2,img078279.png,,,,,1101.5122715607745,621.42581071623,323.7301734193948,842.5783109106463,677.9490084765533,836.9557897192628,1041.5387121860176,833.2074422583405
labeled-data,PMA17_2020-12-02-102317 Cam2,img081418.png,1167.1083521269152,563.3264250719342,,,1043.412885916479,737.6245820048216,319.98182595847254,842.5783109106463,672.32648728517,842.5783109106463,1035.9161909946342,846.3266583715688
labeled-data,PMA17_2020-12-02-102317 Cam2,img087356.png,408.0679912901469,589.5648572983903,,,299.3659149233998,718.8828447002101,319.98182595847254,833.2074422583405,696.690745781165,838.829963449724,1052.7837545687848,838.829963449724
labeled-data,PMA17_2020-12-02-102317 Cam2,img087520.png,,,599.2337117971848,527.7171241931723,704.1874407030094,696.3927599346762,318.1076522280114,838.829963449724,689.1940508593203,844.4524846411075,1050.9095808383236,846.3266583715687
labeled-data,PMA17_2020-12-02-102317 Cam2,img093732.png,441.80311843844765,582.0681623765457,275.0016564274048,722.6311921611324,1039.6645384555563,842.5783109106463,679.8231822070146,833.2074422583405,,,314.35930476708904,833.2074422583405
labeled-data,PMA17_2020-12-02-102317 Cam2,img095343.png,,,,,,,329.35269461077826,836.9557897192628,694.8165720507037,844.4524846411075,1052.7837545687848,844.4524846411075
labeled-data,PMA17_2020-12-02-102317 Cam2,img096680.png,1152.1149622832263,561.4522513414729,975.9426316198771,557.7039038805507,1054.6579282992457,732.0020608134382,321.8559996889337,831.3332685278795,679.8231822070146,850.0750058324909,1052.7837545687848,836.9557897192628
labeled-data,PMA17_2020-12-02-102317 Cam2,img096909.png,426.8097285947584,580.1939886460846,,,306.8626098452444,743.2471031962051,319.98182595847254,827.5849210669571,676.0748347460923,846.3266583715687,1049.0354071078625,835.0816159888018
labeled-data,PMA17_2020-12-07-113957 Cam2,img013764.png,522.3925888482773,469.6177385488765,329.35269461077826,383.40574694766326,404.31964382922456,645.790069212225,361.213648028618,821.9623998755736,724.8033517380824,831.3332685278795,1094.0155766389305,825.710747336496
labeled-data,PMA17_2020-12-07-113957 Cam2,img015095.png,,,,,,,359.3394742981568,827.5849210669571,711.6841356248541,821.9623998755736,1075.2738393343184,814.4657049537291
labeled-data,PMA17_2020-12-07-113957 Cam2,img017055.png,,,970.3201104284936,516.4720818104053,1182.1017419706045,698.2669336651373,351.84277937631214,825.710747336496,709.809961894393,829.4590947974182,1073.3996656038576,818.2140524146513
labeled-data,PMA17_2020-12-07-113957 Cam2,img026519.png,438.0547709775253,568.9489462633177,,,338.7235632630841,733.8762345438993,353.7169531067733,818.2140524146513,713.5583093553154,818.2140524146513,1082.770534256163,820.0882261451125
labeled-data,PMA17_2020-12-07-113957 Cam2,img030586.png,,,,,694.8165720507037,649.5384166731474,342.4719107240064,823.8365736060348,719.1808305466988,827.5849210669571,1084.6447079866243,821.9623998755736
labeled-data,PMA17_2020-12-07-113957 Cam2,img031171.png,,,,,359.3394742981568,700.1411073955985,368.7103429504625,818.2140524146513,711.6841356248541,821.9623998755736,1065.902970682013,803.2206625709621
labeled-data,PMA17_2020-12-07-113957 Cam2,img033246.png,,,1011.5519324986392,604.5582471420796,1122.1281825958472,690.7702387432928,353.7169531067733,814.4657049537291,715.4324830857764,820.0882261451125,1073.3996656038576,814.4657049537291
labeled-data,PMA17_2020-12-07-113957 Cam2,img036669.png,,,,,1082.770534256163,715.1344972392878,351.84277937631214,821.9623998755736,700.4390932420873,829.4590947974182,1079.022186795241,825.710747336496
labeled-data,PMA17_2020-12-07-113957 Cam2,img043442.png,,,,,,,351.84277937631214,825.710747336496,704.1874407030094,825.710747336496,1065.902970682013,825.710747336496
labeled-data,PMA17_2020-12-07-113957 Cam2,img048731.png,434.306423516603,576.4456411851622,,,316.2334784975502,722.6311921611324,342.4719107240064,827.5849210669571,713.5583093553154,833.2074422583405,1082.770534256163,821.9623998755736
labeled-data,PMA17_2020-12-07-113957 Cam2,img057309.png,,,,,,,355.59112683723447,810.7173574928067,722.9291780076211,821.9623998755736,1080.8963605257018,818.2140524146513
labeled-data,PMA17_2020-12-07-113957 Cam2,img063605.png,,,,,,,355.59112683723447,814.4657049537291,715.4324830857764,818.2140524146513,1075.2738393343184,816.3398786841901
labeled-data,PMA17_2020-12-07-113957 Cam2,img064492.png,,,,,,,344.3460844544676,814.4657049537291,715.4324830857764,814.4657049537291,1080.8963605257018,820.0882261451125
labeled-data,PMA17_2020-12-07-113957 Cam2,img066957.png,,,,,318.1076522280114,718.8828447002101,353.7169531067733,820.0882261451125,724.8033517380824,820.0882261451125,1079.022186795241,812.5915312232678
labeled-data,PMA17_2020-12-07-113957 Cam2,img070956.png,432.4322497861418,555.8297301500895,,,323.7301734193948,713.2603235088266,353.7169531067733,812.5915312232678,713.5583093553154,812.5915312232678,1088.3930554475464,808.8431837623455
labeled-data,PMA17_2020-12-07-113957 Cam2,img077255.png,,,,,,,340.59773699354525,816.3398786841901,707.9357881639318,820.0882261451125,1082.770534256163,814.4657049537291
labeled-data,PMA17_2020-12-07-113957 Cam2,img082290.png,,,,,,,346.22025818492864,816.3398786841901,711.6841356248541,808.8431837623455,1080.8963605257018,810.7173574928067
labeled-data,PMA17_2020-12-07-113957 Cam2,img085279.png,679.8231822070146,572.6972937242399,462.4190294735204,463.99521735749295,,,351.84277937631214,810.7173574928067,728.5516991990045,820.0882261451125,1082.770534256163,805.0948363014232
labeled-data,PMA17_2020-12-07-113957 Cam2,img090480.png,1189.5984368924492,520.2204292713276,,,1069.651318142935,709.5119760479042,340.59773699354525,823.8365736060348,717.3066568162377,818.2140524146513,1073.3996656038576,816.3398786841901
labeled-data,PMA17_2020-12-07-113957 Cam2,img091999.png,,,,,1129.624877517692,688.8960650128315,338.7235632630841,812.5915312232678,721.05500427716,818.2140524146514,1062.1546232210903,814.4657049537291
labeled-data,PMA17_2020-12-08-103710 Cam2,img016461.png,,,256.25991912279324,527.7171241931723,378.0812116027684,713.2603235088266,346.22025818492864,816.3398786841901,709.809961894393,820.0882261451125,1073.3996656038576,829.4590947974182
labeled-data,PMA17_2020-12-08-103710 Cam2,img021624.png,,,,,1157.7374834746092,604.5582471420796,364.9619954895403,810.7173574928067,702.3132669725484,814.4657049537291,1082.770534256163,814.4657049537291
labeled-data,PMA17_2020-12-08-103710 Cam2,img024383.png,,,,,348.0944319153898,732.0020608134382,338.7235632630841,820.0882261451125,704.1874407030094,833.2074422583405,1082.770534256163,814.4657049537291
labeled-data,PMA17_2020-12-08-103710 Cam2,img025496.png,,,989.0618477331052,542.7105140368615,1109.0089664826191,707.6378023174432,336.8493895326229,812.5915312232678,711.6841356248541,818.2140524146513,1084.6447079866243,806.9690100318844
labeled-data,PMA17_2020-12-08-103710 Cam2,img030180.png,,,,,,,359.3394742981568,821.9623998755736,704.1874407030094,820.0882261451125,1067.7771444124735,812.5915312232678
labeled-data,PMA17_2020-12-08-103710 Cam2,img033522.png,,,,,,,342.4719107240064,820.0882261451125,707.9357881639318,818.2140524146513,1062.1546232210903,821.9623998755736
labeled-data,PMA17_2020-12-08-103710 Cam2,img035504.png,443.6772921689088,540.8363403064003,,,346.22025818492864,724.5053658915936,353.7169531067733,814.4657049537291,704.1874407030094,810.7173574928067,1067.7771444124735,808.8431837623455
labeled-data,PMA17_2020-12-08-103710 Cam2,img042204.png,556.1277159965781,529.5912979236334,,,372.4586904113849,651.4125904036084,351.84277937631214,818.2140524146513,715.4324830857764,814.4657049537291,1073.3996656038576,812.5915312232678
labeled-data,PMA17_2020-12-08-103710 Cam2,img051017.png,,,,,1079.022186795241,726.3795396220547,351.84277937631214,812.5915312232678,704.1874407030094,818.2140524146513,1073.3996656038576,814.4657049537291
labeled-data,PMA17_2020-12-08-103710 Cam2,img054049.png,,,,,1069.651318142935,718.8828447002101,349.96860564585097,818.2140524146513,715.4324830857764,823.8365736060348,1073.3996656038576,823.8365736060348
labeled-data,PMA17_2020-12-08-103710 Cam2,img060269.png,,,,,1073.3996656038576,726.3795396220547,353.7169531067733,818.2140524146513,715.4324830857764,814.4657049537291,1064.0287969515516,820.0882261451125
labeled-data,PMA17_2020-12-08-103710 Cam2,img066424.png,,,,,1064.0287969515512,722.6311921611324,348.0944319153898,818.2140524146513,715.4324830857764,823.8365736060348,1071.5254918733965,820.0882261451125
labeled-data,PMA17_2020-12-08-103710 Cam2,img066588.png,441.80311843844765,559.5780776110118,,,338.7235632630841,728.2537133525159,338.7235632630841,814.4657049537291,717.3066568162377,818.2140524146513,1071.5254918733965,814.4657049537291
labeled-data,PMA17_2020-12-08-103710 Cam2,img068449.png,1168.9825258573765,553.9555564196284,,,1069.651318142935,709.5119760479042,340.59773699354525,818.2140524146513,707.9357881639318,829.4590947974182,1073.3996656038576,812.5915312232678
labeled-data,PMA17_2020-12-08-103710 Cam2,img071056.png,,,,,,,340.59773699354525,823.8365736060348,704.1874407030094,823.8365736060348,1077.1480130647797,818.2140524146513
labeled-data,PMA17_2020-12-08-103710 Cam2,img072957.png,,,,,1065.902970682013,711.3861497783655,346.22025818492864,816.3398786841901,696.690745781165,820.0882261451125,1064.0287969515516,806.9690100318844
labeled-data,PMA17_2020-12-08-103710 Cam2,img085779.png,,,,,1062.1546232210903,722.6311921611324,355.59112683723447,818.2140524146513,704.1874407030094,814.4657049537291,1069.651318142935,810.7173574928067
labeled-data,PMA17_2020-12-08-103710 Cam2,img087369.png,,,966.5717629675712,510.8495606190219,1082.770534256163,636.4192005599192,346.22025818492864,821.9623998755736,719.1808305466988,814.4657049537291,1079.022186795241,818.2140524146513
labeled-data,PMA17_2020-12-08-103710 Cam2,img093987.png,814.7636908002177,507.10121315809954,,,668.5781398242476,655.1609378645308,338.7235632630841,814.4657049537291,707.9357881639318,823.8365736060348,1079.022186795241,814.4657049537291
labeled-data,PMA17_2020-12-08-103710 Cam2,img096034.png,434.306423516603,544.5846877673226,,,327.4785208803171,717.0086709697489,357.46530056769564,816.3398786841901,704.1874407030094,818.2140524146513,1082.770534256163,820.0882261451125
labeled-data,PMA18_2020-11-16-102234 Cam2,img15636.png,,,1017.1744536900228,525.8429504627111,1163.3600046659926,685.1477175519093,406.1938175596857,836.9557897192628,769.7835212691499,825.710747336496,1120.2540088653864,793.8497939186564
labeled-data,PMA18_2020-11-16-102234 Cam2,img16303.png,889.7306400186641,538.9621665759391,672.32648728517,443.3793063224202,739.7967415817715,649.5384166731474,408.0679912901469,836.9557897192628,754.7901314254608,814.4657049537291,1125.8765300567698,803.2206625709621
labeled-data,PMA18_2020-11-16-102234 Cam2,img21016.png,,,278.7500038883271,557.7039038805507,432.4322497861418,722.6311921611324,396.8229489073799,840.7041371801852,762.2868263473055,820.0882261451125,1122.1281825958472,805.0948363014232
labeled-data,PMA18_2020-11-16-102234 Cam2,img22814.png,672.32648728517,546.4588614977838,,,417.4388599424526,638.2933742903804,411.8163387510692,844.4524846411075,771.6576949996112,814.4657049537291,1124.0023563263085,791.9756201881951
labeled-data,PMA18_2020-11-16-102234 Cam2,img27900.png,499.90250408274346,542.7105140368615,293.7433937320164,527.7171241931723,402.4454700987634,733.8762345438993,411.8163387510691,831.3332685278795,767.9093475386888,825.710747336496,1135.2473987090757,795.7239676491174
labeled-data,PMA18_2020-11-16-102234 Cam2,img35145.png,,,992.8101951940276,493.9819970448714,1135.2473987090757,668.2801539777588,408.0679912901469,827.5849210669571,760.4126526168442,818.2140524146513,1137.1215724395363,791.9756201881951
labeled-data,PMA18_2020-11-16-102234 Cam2,img36125.png,,,1032.1678435337117,542.7105140368615,1168.9825258573765,681.399370090987,413.6905124815303,833.2074422583405,764.1610000777665,816.3398786841901,1138.9957461699978,799.4723151100397
labeled-data,PMA18_2020-11-16-102234 Cam2,img41278.png,829.757080643907,516.4720818104053,634.8430126759469,499.6045182362549,722.9291780076211,700.1411073955985,408.0679912901469,833.2074422583405,777.2802161909946,825.710747336496,1125.8765300567698,795.7239676491174
labeled-data,PMA18_2020-11-16-102234 Cam2,img41904.png,647.9622287891749,419.0150478264252,,,505.52502527412696,615.8032895248466,409.942165020608,840.7041371801852,764.1610000777665,820.0882261451125,1122.1281825958472,801.3464888405009
labeled-data,PMA18_2020-11-16-102234 Cam2,img44572.png,505.52502527412696,559.5780776110118,,,385.577906524613,735.7504082743606,413.6905124815303,833.2074422583405,767.9093475386888,820.0882261451125,1129.624877517692,795.7239676491174
labeled-data,PMA18_2020-11-16-102234 Cam2,img44874.png,,,666.7039660937863,507.10121315809954,767.9093475386888,698.2669336651373,393.0746014464576,831.3332685278795,779.1543899214558,816.3398786841901,1124.0023563263085,795.7239676491174
labeled-data,PMA18_2020-11-16-102234 Cam2,img44986.png,462.4190294735204,527.7171241931723,,,361.213648028618,621.42581071623,398.69712263784106,836.9557897192628,771.6576949996112,820.0882261451125,1133.3732249786144,799.4723151100397
labeled-data,PMA18_2020-11-16-102234 Cam2,img45136.png,468.0415506649039,533.3396453845556,,,344.3460844544676,673.9026751691424,408.0679912901469,833.2074422583405,773.5318687300722,820.0882261451125,1112.7573139435417,808.8431837623455
labeled-data,PMA18_2020-11-16-102234 Cam2,img47274.png,,,1011.5519324986392,527.7171241931723,1165.234178396454,677.6510226300646,408.0679912901469,831.3332685278795,764.1610000777665,823.8365736060348,1125.8765300567698,793.8497939186564
labeled-data,PMA18_2020-11-16-102234 Cam2,img49481.png,747.2934365036161,508.9753868885607,,,692.9423983202427,700.1411073955985,396.8229489073799,831.3332685278795,752.9159576949995,818.2140524146513,1127.750703787231,795.7239676491174
labeled-data,PMA18_2020-11-16-102234 Cam2,img49808.png,,,1032.1678435337117,467.7435648184153,1152.114962283226,647.6642429426861,413.6905124815303,838.829963449724,762.2868263473055,812.5915312232678,1120.2540088653864,797.5981413795786
labeled-data,PMA18_2020-11-16-102234 Cam2,img50689.png,674.200661015631,522.0946030017888,,,449.2998133602923,632.670853098997,402.4454700987634,821.9623998755736,766.0351738082278,818.2140524146513,1127.750703787231,799.4723151100397
labeled-data,PMA18_2020-11-16-102234 Cam2,img51264.png,486.7832879695154,585.8165098374681,,,355.59112683723447,668.2801539777588,402.4454700987634,827.5849210669571,771.6576949996112,820.0882261451125,1127.750703787231,797.5981413795786
labeled-data,PMA18_2020-11-16-102234 Cam2,img62059.png,,,,,,,415.5646862119914,836.9557897192628,779.1543899214558,820.0882261451125,1135.2473987090757,803.2206625709621
labeled-data,PMA18_2020-11-16-102234 Cam2,img64425.png,,,1015.3002799595614,486.4853021230268,1133.3732249786144,640.1675480208415,411.8163387510691,836.9557897192628,769.7835212691499,821.9623998755736,1122.1281825958472,801.3464888405009
labeled-data,PMA18_2020-11-23-132359 Cam2,img10522.png,,,932.8366358192706,535.2138191150168,1041.5387121860176,698.2669336651373,310.6109573061667,855.6975270238744,661.081444902403,844.4524846411075,1034.042017264173,823.8365736060348
labeled-data,PMA18_2020-11-23-132359 Cam2,img15513.png,,,535.5118049615054,533.3396453845556,653.5847499805583,730.1278870829769,303.11426238432205,851.9491795629522,676.0748347460923,836.9557897192628,1035.9161909946342,823.8365736060348
labeled-data,PMA18_2020-11-23-132359 Cam2,img17124.png,713.5583093553154,567.0747725328565,513.0217201959716,570.8231199937788,623.5979702931799,771.3597091531224,289.995046271094,855.6975270238744,657.3330974414806,835.0816159888018,1017.1744536900228,825.710747336496
labeled-data,PMA18_2020-11-23-132359 Cam2,img17855.png,702.3132669725484,501.478691966716,492.4058091608989,505.2270394276384,,,297.49174119293866,850.0750058324909,662.955618632864,835.0816159888018,1019.048627420484,820.0882261451125
labeled-data,PMA18_2020-11-23-132359 Cam2,img20048.png,1099.6380978303137,505.2270394276384,914.0948985146592,553.9555564196284,,,295.6175674624775,848.2008321020298,672.32648728517,838.829963449724,1022.796974881406,818.2140524146513
labeled-data,PMA18_2020-11-23-132359 Cam2,img20669.png,,,,,,,297.49174119293866,855.6975270238744,659.2072711719419,842.5783109106463,1020.922801150945,827.5849210669571
labeled-data,PMA18_2020-11-23-132359 Cam2,img26151.png,822.2603857220623,520.2204292713276,,,640.4655338673302,668.2801539777588,280.62417761878817,853.8233532934132,653.5847499805583,836.9557897192628,1028.4194960727896,820.0882261451125
labeled-data,PMA18_2020-11-23-132359 Cam2,img29338.png,775.4060424605335,568.9489462633177,,,647.9622287891749,720.7570184306712,297.49174119293866,850.0750058324909,657.3330974414806,838.829963449724,1022.796974881406,820.0882261451125
labeled-data,PMA18_2020-11-23-132359 Cam2,img32837.png,749.1676102340772,570.8231199937788,559.8760634575004,507.10121315809954,631.0946652150245,733.8762345438993,304.9884361147832,842.5783109106463,657.3330974414806,835.0816159888018,1034.042017264173,827.5849210669571
labeled-data,PMA18_2020-11-23-132359 Cam2,img38324.png,,,,,,,306.8626098452444,853.8233532934132,659.2072711719419,846.3266583715687,1026.5453223423283,829.4590947974182
labeled-data,PMA18_2020-11-23-132359 Cam2,img38616.png,376.2070378723072,565.2005988023953,183.1671436348081,548.333035228245,276.87583015786595,743.2471031962051,304.9884361147832,850.0750058324909,674.200661015631,848.2008321020298,1028.4194960727896,820.0882261451125
labeled-data,PMA18_2020-11-23-132359 Cam2,img42767.png,,,899.1015086709698,570.8231199937788,1056.532102029707,711.3861497783655,297.49174119293866,853.8233532934132,655.4589237110196,846.3266583715687,1030.2936698032509,829.4590947974182
labeled-data,PMA18_2020-11-23-132359 Cam2,img46277.png,378.0812116027684,583.9423361070069,186.91549109573043,570.8231199937788,301.2400886538609,745.1212769266663,299.3659149233998,851.9491795629522,662.955618632864,835.0816159888018,1024.6711486118677,823.8365736060348
labeled-data,PMA18_2020-11-23-132359 Cam2,img48328.png,,,889.7306400186641,540.8363403064003,1034.042017264173,679.5251963605258,299.3659149233998,850.0750058324909,651.7105762500972,850.0750058324909,1026.5453223423283,827.5849210669571
labeled-data,PMA18_2020-11-23-132359 Cam2,img49753.png,376.2070378723072,570.8231199937788,,,280.62417761878817,743.2471031962051,297.49174119293866,855.6975270238744,662.955618632864,833.2074422583405,1019.0486274204836,823.8365736060348
labeled-data,PMA18_2020-11-23-132359 Cam2,img55769.png,734.1742203903881,565.2005988023953,507.3991990045881,499.6045182362549,623.5979702931799,711.3861497783655,288.12087254063283,846.3266583715687,662.955618632864,842.5783109106463,1030.2936698032509,821.9623998755736
labeled-data,PMA18_2020-11-23-132359 Cam2,img56070.png,383.7037327941519,550.2072089587061,,,269.3791352360213,700.1411073955985,301.2400886538609,844.4524846411075,666.7039660937863,851.9491795629522,1032.1678435337117,829.4590947974182
labeled-data,PMA18_2020-11-23-132359 Cam2,img57543.png,323.7301734193948,555.8297301500895,,,233.76983435725936,724.5053658915936,291.8692200015552,848.2008321020298,651.7105762500972,835.0816159888018,1035.9161909946342,821.9623998755736
labeled-data,PMA18_2020-11-23-132359 Cam2,img58741.png,,,198.1605334784973,574.5714674547011,329.35269461077826,737.6245820048216,297.49174119293866,853.8233532934132,661.081444902403,838.829963449724,1024.6711486118677,827.5849210669571
labeled-data,PMA18_2020-11-23-132359 Cam2,img59586.png,,,168.17375379111888,589.5648572983903,316.2334784975502,732.0020608134382,304.9884361147832,846.3266583715687,668.5781398242476,853.8233532934132,1024.6711486118677,825.710747336496
labeled-data,PMA18_2020-12-01-135256 Cam2,img013576.png,1137.1215724395363,531.4654716540945,919.7174197060424,522.0946030017888,1041.5387121860176,718.8828447002101,314.35930476708904,840.7041371801852,659.2072711719419,844.4524846411075,1034.042017264173,848.2008321020298
labeled-data,PMA18_2020-12-01-135256 Cam2,img014347.png,,,194.41218601757495,553.9555564196284,334.97521580216176,728.2537133525159,303.11426238432205,836.9557897192628,674.200661015631,846.3266583715687,1039.6645384555563,838.829963449724
labeled-data,PMA18_2020-12-01-135256 Cam2,img017897.png,,,936.5849832801928,572.6972937242399,1045.2870596469402,733.8762345438993,297.49174119293866,836.9557897192628,651.7105762500972,842.5783109106463,1028.4194960727896,840.7041371801852
labeled-data,PMA18_2020-12-01-135256 Cam2,img020772.png,445.55146589937,525.8429504627111,198.1605334784973,540.8363403064003,342.4719107240064,732.0020608134382,314.35930476708904,842.5783109106463,666.7039660937863,848.2008321020298,1034.042017264173,848.2008321020298
labeled-data,PMA18_2020-12-01-135256 Cam2,img022240.png,398.69712263784106,559.5780776110118,196.28635974803612,546.4588614977838,308.73678357570554,743.2471031962051,306.8626098452444,831.3332685278795,668.5781398242476,846.3266583715687,1013.4261062291004,840.7041371801852
labeled-data,PMA18_2020-12-01-135256 Cam2,img023865.png,400.5712963683022,531.4654716540945,201.90888093941965,544.5846877673226,327.4785208803171,735.7504082743606,312.4851310366279,831.3332685278795,676.0748347460923,850.0750058324909,1041.5387121860176,838.829963449724
labeled-data,PMA18_2020-12-01-135256 Cam2,img024707.png,456.79650828213687,604.5582471420796,,,301.2400886538609,700.1411073955985,304.9884361147832,846.3266583715687,670.4523135547087,844.4524846411075,1019.0486274204836,844.4524846411075
labeled-data,PMA18_2020-12-01-135256 Cam2,img027547.png,391.2004277159964,568.9489462633177,,,297.49174119293866,733.8762345438993,301.2400886538609,840.7041371801852,676.0748347460923,848.2008321020298,1030.2936698032509,844.4524846411075
labeled-data,PMA18_2020-12-01-135256 Cam2,img030093.png,792.2736060346839,555.8297301500895,,,647.9622287891749,761.9888405008167,295.6175674624775,838.829963449724,666.7039660937863,848.2008321020298,1030.2936698032509,850.0750058324909
labeled-data,PMA18_2020-12-01-135256 Cam2,img032232.png,426.8097285947584,533.3396453845556,203.7830546698808,565.2005988023953,327.4785208803171,730.1278870829769,304.9884361147832,835.0816159888018,668.5781398242476,850.0750058324909,1028.4194960727896,848.2008321020297
labeled-data,PMA18_2020-12-01-135256 Cam2,img034211.png,1135.2473987090757,535.2138191150168,919.7174197060424,550.2072089587061,1022.796974881406,709.5119760479042,293.7433937320164,831.3332685278795,655.4589237110196,853.8233532934132,1028.4194960727896,838.829963449724
labeled-data,PMA18_2020-12-01-135256 Cam2,img034955.png,,,,,,,291.8692200015552,836.9557897192628,657.3330974414806,842.5783109106463,1019.0486274204836,836.9557897192628
labeled-data,PMA18_2020-12-01-135256 Cam2,img035895.png,381.8295590636907,602.6840734116184,243.14070300956507,709.5119760479042,1020.922801150945,842.5783109106463,664.8297923633253,844.4524846411075,,,301.2400886538609,833.2074422583405
labeled-data,PMA18_2020-12-01-135256 Cam2,img039531.png,,,930.9624620888096,563.3264250719342,1075.2738393343184,724.5053658915936,299.3659149233998,838.829963449724,657.3330974414806,844.4524846411075,1017.1744536900228,836.9557897192628
labeled-data,PMA18_2020-12-01-135256 Cam2,img040749.png,,,179.41879617388577,555.8297301500895,327.4785208803171,726.3795396220547,301.2400886538609,831.3332685278795,666.7039660937863,840.7041371801852,1034.042017264173,838.829963449724
labeled-data,PMA18_2020-12-01-135256 Cam2,img043395.png,,,1000.3068901158724,561.452251341473,,,297.49174119293866,836.9557897192628,657.3330974414806,840.7041371801852,1024.6711486118677,844.4524846411075
labeled-data,PMA18_2020-12-01-135256 Cam2,img044077.png,,,947.83002566296,580.1939886460846,1077.1480130647797,743.2471031962051,301.2400886538609,838.829963449724,666.7039660937863,851.9491795629522,1037.7903647250955,842.5783109106463
labeled-data,PMA18_2020-12-01-135256 Cam2,img045973.png,389.3262539855352,565.2005988023953,,,256.25991912279324,681.399370090987,295.6175674624775,833.2074422583405,655.4589237110196,838.829963449724,1026.5453223423283,842.5783109106463
labeled-data,PMA18_2020-12-01-135256 Cam2,img046960.png,,,,,,,,,,,,
labeled-data,PMA18_2020-12-01-135256 Cam2,img050082.png,,,,,,,,,,,,
labeled-data,PMA18_2020-12-01-135256 Cam2,img050095.png,1120.2540088653864,537.087992845478,,,1007.803585037717,730.1278870829769,299.3659149233998,842.5783109106463,651.7105762500972,846.3266583715687,1020.922801150945,844.4524846411075
labeled-data,PMA18_2020-12-01-135256 Cam2,img050204.png,385.577906524613,595.1873784897739,,,252.5115716618709,735.7504082743606,303.11426238432205,835.0816159888018,659.2072711719419,848.2008321020298,1017.1744536900228,833.2074422583405
labeled-data,PMA18_2020-12-01-135256 Cam2,img052577.png,353.7169531067733,525.8429504627111,,,218.77644451357003,662.6576327863754,297.49174119293866,846.3266583715687,666.7039660937863,835.0816159888018,1017.1744536900228,836.9557897192628
labeled-data,PMA18_2020-12-01-135256 Cam2,img052733.png,1137.1215724395363,529.5912979236334,932.8366358192706,512.7237343494829,1026.5453223423283,696.3927599346762,288.12087254063283,840.7041371801852,653.5847499805583,836.9557897192628,1019.0486274204836,838.829963449724
labeled-data,PMA18_2020-12-01-135256 Cam2,img055995.png,393.0746014464576,550.2072089587061,185.0413173652693,553.9555564196284,308.73678357570554,724.5053658915936,293.7433937320164,831.3332685278795,657.3330974414806,838.829963449724,1019.0486274204836,836.9557897192628
labeled-data,PMA18_2020-12-01-135256 Cam2,img061157.png,,,947.83002566296,550.2072089587061,1043.412885916479,733.8762345438993,301.2400886538609,838.829963449724,655.4589237110196,846.3266583715687,1024.6711486118677,838.829963449724
labeled-data,PMA18_2020-12-01-135256 Cam2,img064917.png,344.3460844544676,563.3264250719342,,,239.39235554864277,688.8960650128315,295.6175674624775,840.7041371801852,655.4589237110196,844.4524846411075,1026.5453223423283,842.5783109106463
labeled-data,PMA18_2020-12-01-135256 Cam2,img065170.png,,,185.0413173652693,544.5846877673226,314.35930476708904,722.6311921611324,297.49174119293866,842.5783109106463,666.7039660937863,850.0750058324909,1022.796974881406,844.4524846411075
labeled-data,PMA18_2020-12-01-135256 Cam2,img066098.png,404.31964382922456,574.5714674547011,115.69688933820646,550.2072089587061,271.25330896648245,690.7702387432928,297.49174119293866,840.7041371801852,661.081444902403,848.2008321020298,1024.6711486118677,848.2008321020298
labeled-data,PMA18_2020-12-01-135256 Cam2,img069616.png,1195.2209580838326,568.9489462633177,947.83002566296,563.3264250719342,1062.1546232210903,745.1212769266663,295.6175674624775,836.9557897192628,668.5781398242476,851.9491795629522,1034.042017264173,840.7041371801852
labeled-data,PMA18_2020-12-01-135256 Cam2,img070396.png,,,,,,,297.49174119293866,844.4524846411074,655.4589237110196,844.4524846411075,1015.3002799595614,851.9491795629522
labeled-data,PMA18_2020-12-01-135256 Cam2,img071681.png,408.0679912901468,557.7039038805507,194.41218601757495,553.9555564196284,318.1076522280114,737.6245820048216,312.4851310366279,831.3332685278795,661.081444902403,842.5783109106463,1032.1678435337117,844.4524846411075
labeled-data,PMA18_2020-12-01-135256 Cam2,img073687.png,,,966.5717629675712,548.333035228245,,,299.3659149233998,831.3332685278795,655.4589237110196,840.7041371801852,1026.5453223423283,857.5717007543356
labeled-data,PMA18_2020-12-01-135256 Cam2,img077633.png,,,957.2008943152656,552.0813826891672,1056.532102029707,737.6245820048216,301.2400886538609,836.9557897192628,651.7105762500972,842.5783109106463,1028.4194960727896,836.9557897192628
labeled-data,PMA18_2020-12-01-135256 Cam2,img078121.png,,,882.2339450968194,576.4456411851622,1056.532102029707,613.9291157943853,293.7433937320164,836.9557897192628,653.5847499805583,853.8233532934132,1022.796974881406,848.2008321020298
labeled-data,PMA18_2020-12-01-135256 Cam2,img081555.png,411.8163387510691,546.4588614977838,177.5446224434246,557.7039038805507,308.73678357570554,741.3729294657439,1034.042017264173,838.829963449724,314.35930476708904,829.4590947974182,662.955618632864,844.4524846411075
labeled-data,PMA18_2020-12-01-135256 Cam2,img087218.png,379.9553853332295,578.3198149156234,,,265.6307877750989,703.8894548565208,306.8626098452444,836.9557897192628,668.5781398242476,844.4524846411075,1030.2936698032509,835.0816159888018
labeled-data,PMA18_2020-12-01-135256 Cam2,img087705.png,334.97521580216176,462.1210436270318,,,179.41879617388577,664.5318065168366,303.11426238432205,833.2074422583405,668.5781398242476,846.3266583715687,1022.796974881406,838.829963449724
labeled-data,PMA18_2020-12-01-135256 Cam2,img088825.png,,,938.4591570106542,572.6972937242399,1035.9161909946342,746.9954506571273,297.49174119293866,836.9557897192628,661.081444902403,844.4524846411075,1026.5453223423283,842.5783109106463
labeled-data,PMA18_2020-12-01-135256 Cam2,img091716.png,393.0746014464576,570.8231199937788,203.7830546698808,533.3396453845556,295.6175674624775,733.8762345438993,303.11426238432205,831.3332685278795,657.3330974414806,848.2008321020298,1045.2870596469402,846.3266583715687
labeled-data,PMA18_2020-12-06-122840 Cam2,img14638.png,1202.7176530056772,501.478691966716,1002.1810638463334,505.2270394276384,1109.0089664826191,685.1477175519093,344.3460844544676,818.2140524146513,706.0616144334707,825.710747336496,1079.022186795241,829.4590947974182
labeled-data,PMA18_2020-12-06-122840 Cam2,img17474.png,454.9223345516757,529.5912979236334,376.2070378723072,720.7570184306712,260.00826658371545,520.2204292713276,338.7235632630841,818.2140524146513,722.9291780076211,827.5849210669571,1077.1480130647797,820.0882261451125
labeled-data,PMA18_2020-12-06-122840 Cam2,img17925.png,1172.7308733182986,501.478691966716,968.4459366980326,544.5846877673226,1135.2473987090757,718.8828447002101,338.7235632630841,820.0882261451125,698.564919511626,829.4590947974182,1071.5254918733965,818.2140524146513
labeled-data,PMA18_2020-12-06-122840 Cam2,img19033.png,458.6706820125981,542.7105140368615,248.76322420094857,518.3462555408665,334.97521580216176,733.8762345438993,344.3460844544676,821.9623998755736,704.1874407030094,825.710747336496,1090.2672291780077,823.8365736060348
labeled-data,PMA18_2020-12-06-122840 Cam2,img20870.png,,,,,,,346.22025818492864,823.8365736060348,715.4324830857764,829.4590947974182,1122.1281825958472,829.4590947974182
labeled-data,PMA18_2020-12-06-122840 Cam2,img30736.png,443.6772921689088,578.3198149156234,,,295.6175674624775,692.6444124737538,348.0944319153898,833.2074422583405,707.9357881639318,827.5849210669571,1073.3996656038576,816.3398786841901
labeled-data,PMA18_2020-12-06-122840 Cam2,img31929.png,,,1034.042017264173,522.0946030017888,1129.624877517692,681.399370090987,329.35269461077826,825.710747336496,698.564919511626,827.5849210669571,1082.770534256163,820.0882261451125
labeled-data,PMA18_2020-12-06-122840 Cam2,img32676.png,786.6510848433005,557.7039038805507,,,677.9490084765533,756.3663193094332,338.7235632630841,838.829963449724,709.809961894393,821.9623998755736,1069.651318142935,816.3398786841901
labeled-data,PMA18_2020-12-06-122840 Cam2,img35262.png,,,,,1090.2672291780077,688.8960650128315,348.0944319153898,821.9623998755736,719.1808305466988,825.710747336496,1071.5254918733965,820.0882261451125
labeled-data,PMA18_2020-12-06-122840 Cam2,img36784.png,443.6772921689088,546.4588614977838,,,342.4719107240064,726.3795396220547,342.4719107240064,821.9623998755736,706.0616144334707,831.3332685278795,1077.1480130647797,814.4657049537291
labeled-data,PMA18_2020-12-06-122840 Cam2,img39274.png,454.9223345516757,572.6972937242399,,,278.7500038883271,666.4059802472977,342.4719107240064,821.9623998755736,713.5583093553154,816.3398786841901,1079.022186795241,812.5915312232678
labeled-data,PMA18_2020-12-06-122840 Cam2,img39320.png,449.2998133602923,540.8363403064003,,,338.7235632630841,730.1278870829769,344.3460844544676,820.0882261451125,715.4324830857764,823.8365736060348,1075.2738393343184,827.5849210669571
labeled-data,PMA18_2020-12-06-122840 Cam2,img41355.png,460.5448557430592,567.0747725328565,,,319.98182595847254,688.8960650128315,349.96860564585097,829.4590947974182,724.8033517380824,825.710747336496,1071.5254918733965,821.9623998755736
labeled-data,PMA18_2020-12-06-122840 Cam2,img42072.png,,,1009.677758768178,533.3396453845556,1114.631487674003,709.5119760479042,348.0944319153898,827.5849210669571,702.3132669725484,829.4590947974182,1080.8963605257018,820.0882261451125
labeled-data,PMA18_2020-12-06-122840 Cam2,img46909.png,,,,,,,342.4719107240064,818.2140524146513,692.9423983202427,818.2140524146513,1086.5188817170856,821.9623998755736
labeled-data,PMA18_2020-12-06-122840 Cam2,img52607.png,,,,,344.3460844544676,713.2603235088266,348.0944319153898,818.2140524146513,728.5516991990045,821.9623998755736,1079.022186795241,823.8365736060348
labeled-data,PMA18_2020-12-06-122840 Cam2,img59156.png,,,987.1876740026444,555.8297301500895,1118.379835134925,718.8828447002101,336.8493895326229,833.2074422583405,711.6841356248541,829.4590947974182,1075.2738393343184,812.5915312232678
labeled-data,PMA18_2020-12-06-122840 Cam2,img59469.png,445.55146589937,559.5780776110118,,,295.6175674624775,683.2735438214481,340.59773699354525,821.9623998755736,709.809961894393,825.710747336496,1075.2738393343184,823.8365736060348
labeled-data,PMA18_2020-12-06-122840 Cam2,img59939.png,,,612.3529279104129,495.8561707753325,724.8033517380824,688.8960650128315,359.3394742981568,829.4590947974182,704.1874407030094,827.5849210669571,1073.3996656038576,829.4590947974182
labeled-data,PMA18_2020-12-06-122840 Cam2,img64200.png,,,974.068457889416,537.087992845478,1092.141402908469,718.8828447002101,344.3460844544676,829.4590947974182,704.1874407030094,827.5849210669571,1069.651318142935,825.710747336496
labeled-data,PMA36 2021_09_16_09_31_58 Cam1,img0041869.png,443.8504160510148,405.62333774010415,334.6661871063068,401.42394431915386,371.410879539622,458.115755501983,231.7810482930243,496.96014464577337,376.6601213158099,505.358931487674,527.8382844700209,502.20938642196126
labeled-data,PMA36 2021_09_16_09_31_58 Cam1,img0155271.png,367.2114861186717,397.2245508982036,,,281.1239209891904,399.3242476086787,229.6813515825491,493.8105995800606,380.85951473676016,505.358931487674,527.8382844700209,507.45862819814914
labeled-data,PMA36 2021_09_16_09_31_58 Cam1,img0362026.png,187.6874173730461,222.94972392876585,,,119.4472742826036,145.26094564118512,230.7311999377867,500.1096897114861,380.85951473676016,503.2592347771988,524.6887394043082,503.2592347771988
labeled-data,PMA36 2021_09_16_09_31_58 Cam1,img0398263.png,293.7221012520413,404.5734893848666,,,226.5318065168364,445.5175752391321,220.23271638541087,494.8604479352982,378.7598180262851,501.15953806672366,525.7385877595458,504.3090831324364
labeled-data,PMA36 2021_09_16_09_31_58 Cam1,img0408982.png,298.9713430282292,399.3242476086787,,,235.98044171397464,441.31818181818176,229.68135158254915,500.1096897114861,377.7099696710475,506.40877984291154,524.6887394043082,502.2093864219612
labeled-data,PMA36 2021_09_16_09_31_58 Cam1,img0508511.png,,,466.94707986624144,410.872579516292,533.0875262462088,439.2184851077066,225.4819581615988,493.8105995800606,374.5604246053347,506.40877984291154,526.7884361147834,507.45862819814914
labeled-data,PMA36 2021_09_16_09_31_58 Cam1,img0848574.png,406.055875262462,389.8756124115405,,,356.7130025662959,459.1656038572206,228.63150322731155,499.0598413562485,378.75981802628496,502.20938642196126,534.1373746014464,506.40877984291154
labeled-data,PMA36 2021_09_16_09_31_58 Cam1,img0884940.png,358.8126992767711,429.7698499105685,,,277.9743759234776,446.5674235943696,224.43210980636127,502.20938642196126,378.7598180262851,507.45862819814914,528.8881328252585,506.40877984291154
labeled-data,PMA36 2021_09_16_09_31_58 Cam1,img0892197.png,,,485.8443502605179,403.52364102962906,539.3866163776343,451.81666537055753,226.5318065168364,495.91029629053577,375.6102729605723,507.45862819814914,530.9878295357337,506.40877984291154
labeled-data,PMA36 2021_09_16_09_31_58 Cam1,img1010371.png,303.17073644917946,407.72303445057935,,,226.5318065168364,442.36803017341936,222.33241309588607,498.0099930010109,377.7099696710475,506.40877984291154,526.7884361147834,502.20938642196126
labeled-data,PMA36 2021_09_16_09_31_58 Cam1,img1182890.png,301.0710397387044,408.7728828058169,,,229.6813515825491,439.2184851077066,224.43210980636127,496.96014464577337,380.85951473676016,506.40877984291154,527.8382844700209,501.15953806672366
labeled-data,PMA36 2021_09_16_09_31_58 Cam1,img1600552.png,363.0120926977214,364.67925188583865,248.5786219768255,394.0750058324908,327.3172486196438,427.6701532000933,225.4819581615988,498.0099930010109,379.80966638152256,508.5084765533867,528.8881328252585,502.20938642196126
labeled-data,PMA36 2021_09_16_09_31_58 Cam1,img1710529.png,338.86558052725707,408.7728828058169,,,250.6783186873007,428.7200015553309,229.6813515825491,496.96014464577337,377.7099696710475,505.358931487674,525.7385877595458,505.358931487674
labeled-data,PMA36 2021_09_16_09_31_58 Cam1,img1771868.png,,,435.45162920911423,420.3212147134302,506.8413173652695,446.5674235943696,225.4819581615988,494.8604479352982,378.7598180262851,506.40877984291154,533.0875262462088,501.15953806672366
labeled-data,PMA36 2021_09_16_09_31_58 Cam1,img1943777.png,298.9713430282292,415.0719729372424,,,229.6813515825491,441.31818181818176,220.23271638541087,496.96014464577337,382.95921144723536,506.40877984291154,523.6388910490706,508.5084765533867
labeled-data,PMA36 2021_09_16_09_31_58 Cam1,img1979468.png,,,471.14647328719184,399.3242476086787,520.4893459833579,444.46772688389456,229.6813515825491,492.760751224823,378.7598180262851,503.2592347771988,528.8881328252585,506.40877984291154
labeled-data,PMA36 2021_09_16_09_31_58 Cam1,img1998585.png,,,479.5452601290924,400.37409596391626,529.9379811804961,450.76681701532,227.58165487207395,498.0099930010109,377.7099696710475,507.45862819814914,525.7385877595458,506.40877984291154
labeled-data,PMA36 2021_09_16_09_31_58 Cam1,img2004627.png,294.7719496072789,404.5734893848666,,,233.88074500349944,436.0689400419938,226.5318065168364,499.0598413562485,378.7598180262851,509.5583249086243,532.0376778909713,507.45862819814914
labeled-data,PMA36 2021_09_16_09_31_58 Cam1,img2213102.png,365.1117894081965,364.67925188583865,266.4260440158644,393.0251574772533,328.3670969748813,432.9193949762812,226.5318065168364,493.8105995800606,376.6601213158099,502.20938642196126,530.9878295357337,502.20938642196126
labeled-data,PMA36 2021_09_16_09_31_58 Cam1,img2640210.png,432.30208414340143,398.2743992534412,322.0680068434559,399.3242476086787,368.2613344739093,456.0160587915079,224.43210980636127,499.0598413562485,375.6102729605723,503.2592347771988,529.9379811804961,502.20938642196126
labeled-data,PMA36 2021_09_16_09_31_58 Cam2,img0016370.png,560.3835834823858,207.20199860020216,465.897231511004,95.91807294501903,,,132.0454545454545,507.45862819814914,363.0120926977214,510.6081732638619,595.0285792052258,510.6081732638619
labeled-data,PMA36 2021_09_16_09_31_58 Cam2,img0061230.png,359.8625476320086,320.58562096586047,213.9336262539855,249.19593280970523,588.7294890738004,508.5084765533867,364.0619410529589,507.45862819814914,,,127.84606112450416,510.6081732638619
labeled-data,PMA36 2021_09_16_09_31_58 Cam2,img0153455.png,680.0662959794696,296.4391087953962,527.8382844700209,320.58562096586047,613.9258495995023,415.0719729372424,136.2448479664048,511.6580216190994,357.7628509215335,510.6081732638619,595.0285792052258,509.5583249086243
labeled-data,PMA36 2021_09_16_09_31_58 Cam2,img0195824.png,249.6284703320631,356.2804650439381,119.4472742826036,256.5448712963683,130.9956061902169,397.2245508982036,133.09530290069205,509.5583249086243,363.0120926977214,507.45862819814914,585.5799440080876,507.45862819814914
labeled-data,PMA36 2021_09_16_09_31_58 Cam2,img0202311.png,685.3155377556575,291.1898670192083,548.8352515747724,326.8847110972859,629.6735749280659,407.72303445057935,127.84606112450416,506.40877984291154,365.1117894081965,510.6081732638619,592.9288824947507,503.2592347771988
labeled-data,PMA36 2021_09_16_09_31_58 Cam2,img0357437.png,458.54829302434086,304.8378956372968,276.92452756824014,314.286530834435,361.9622443424838,414.0221245820048,135.1949996111672,509.5583249086243,357.7628509215335,506.40877984291154,591.8790341395131,509.5583249086243
labeled-data,PMA36 2021_09_16_09_31_58 Cam2,img0956650.png,234.93059335873704,306.93759234777195,,,115.24788086165324,364.67925188583865,132.0454545454545,506.40877984291154,361.9622443424838,508.5084765533867,589.7793374290379,507.45862819814914
labeled-data,PMA36 2021_09_16_09_31_58 Cam2,img0964218.png,671.6675091375689,299.5886538611089,516.2899525624076,327.9345594525235,591.8790341395131,418.2215180029551,133.09530290069205,511.6580216190994,366.1616377634341,510.6081732638619,587.6796407185628,507.45862819814914
labeled-data,PMA36 2021_09_16_09_31_58 Cam2,img0978856.png,260.1269538844389,355.2306166887005,120.49712263784112,268.0932032039816,139.3943930321175,405.62333774010415,132.0454545454545,508.5084765533867,366.1616377634341,511.6580216190994,589.7793374290379,508.5084765533867
labeled-data,PMA36 2021_09_16_09_31_58 Cam2,img1066760.png,534.1373746014464,262.8439614277937,377.7099696710475,320.58562096586047,503.6917722995567,390.9254607667781,137.2946963216424,509.5583249086243,360.9123959872462,507.45862819814914,599.2279726261762,508.5084765533867
labeled-data,PMA36 2021_09_16_09_31_58 Cam2,img1086791.png,213.9336262539855,338.4330430048993,56.456372968348944,289.09017030873315,112.0983357959405,415.0719729372424,129.9457578349793,512.707869974337,360.9123959872462,508.5084765533867,591.8790341395131,505.358931487674
labeled-data,PMA36 2021_09_16_09_31_58 Cam2,img1193404.png,649.6206936775799,299.5886538611089,504.7416206547943,332.1339528734738,603.4273660471265,411.9224278715296,124.69651605879142,510.6081732638619,365.1117894081965,513.7577183295746,595.0285792052258,508.5084765533867
labeled-data,PMA36 2021_09_16_09_31_58 Cam2,img1295916.png,24.960922311221623,169.4074578116494,150.94272493973085,85.41958939264327,,,135.1949996111672,513.7577183295746,364.0619410529589,508.5084765533867,598.1781242709386,509.5583249086243
labeled-data,PMA36 2021_09_16_09_31_58 Cam2,img1677618.png,218.13301967493575,337.3831946496617,64.85515981024957,284.89077688778286,118.397425927366,415.0719729372424,129.9457578349793,508.5084765533867,369.3111828291469,511.6580216190994,589.7793374290379,510.6081732638619
labeled-data,PMA36 2021_09_16_09_31_58 Cam2,img2076113.png,651.720390388055,295.38926044015864,508.9410140757445,341.582588070612,586.6297923633252,422.4209114239054,128.89590947974176,507.45862819814914,359.8625476320086,508.5084765533867,597.128275915701,505.358931487674
labeled-data,PMA36 2021_09_16_09_31_58 Cam2,img2326833.png,430.2023874329264,328.98440780776104,269.57558908157705,334.23364958394893,364.0619410529589,456.0160587915079,129.9457578349793,513.7577183295746,363.0120926977214,508.5084765533867,590.8291857842755,504.3090831324364
labeled-data,PMA36 2021_09_16_09_31_58 Cam2,img2455869.png,671.6675091375689,295.38926044015864,524.6887394043082,323.7351660315732,601.3276693366513,408.7728828058169,135.1949996111672,510.6081732638619,365.1117894081965,509.5583249086243,598.1781242709386,508.5084765533867
labeled-data,PMA36 2021_09_16_09_31_58 Cam2,img2631144.png,219.18286803017335,340.5327397153744,80.60288513881324,276.49199004588223,115.24788086165324,403.52364102962906,127.84606112450416,513.7577183295746,363.0120926977214,512.707869974337,591.8790341395131,508.5084765533867
labeled-data,PMA36 2021_09_16_09_31_58 Cam2,img2635336.png,443.8504160510148,334.23364958394893,276.92452756824014,319.53577261062287,332.5664903958317,432.9193949762812,126.79621276926662,505.358931487674,365.1117894081965,502.20938642196126,592.9288824947507,504.3090831324364
labeled-data,PMA36 2021_09_16_09_31_58 Cam2,img2728820.png,649.6206936775799,291.1898670192083,517.3398009176452,336.33334629442413,609.726456178552,426.6203048448557,132.0454545454545,509.5583249086243,356.7130025662959,506.40877984291154,590.8291857842755,508.5084765533867
labeled-data,PMA36 Confidence Task 21001-09012021114436 Cam1,img071538.png,395.5573917100862,389.8756124115405,293.7221012520413,359.4300101096508,328.3670969748813,450.76681701532,170.8898436892448,461.2653005676957,317.86861342250563,491.7109028695855,465.897231511004,516.9072633952874
labeled-data,PMA36 Confidence Task 21001-09012021114436 Cam1,img081663.png,,,300.0211913834668,347.88167820203745,338.86558052725707,417.1716696477175,175.08923711019514,459.1656038572206,314.71906835679283,493.8105995800606,465.897231511004,512.707869974337
labeled-data,PMA36 Confidence Task 21001-09012021114436 Cam1,img082810.png,,,297.9214946729916,378.3272805039272,335.7160354615444,436.0689400419938,169.83999533400726,464.4148456334085,317.86861342250563,493.8105995800606,466.94707986624144,510.6081732638619
labeled-data,PMA36 Confidence Task 21001-09012021114436 Cam1,img151571.png,,,432.30208414340143,399.3242476086787,464.8473831557664,463.3649972781709,175.08923711019514,465.4646939886461,316.81876506726803,494.8604479352982,458.54829302434086,515.8574150400498
labeled-data,PMA36 Confidence Task 21001-09012021114436 Cam1,img153082.png,243.3293802006376,373.0780387277393,,,176.1390854654327,400.37409596391626,165.64060191305697,462.3151489229333,314.71906835679283,491.7109028695855,465.897231511004,514.8075666848122
labeled-data,PMA36 Confidence Task 21001-09012021114436 Cam1,img164588.png,,,220.23271638541087,356.2804650439381,272.72513414728974,424.52060813438055,168.79014697876966,460.21545221245816,321.0181584882183,495.91029629053577,464.8473831557664,515.8574150400498
labeled-data,PMA36 Confidence Task 21001-09012021114436 Cam1,img191490.png,253.8278637530134,388.8257640563029,,,187.6874173730461,408.7728828058169,169.83999533400726,461.2653005676957,316.81876506726803,489.6112061591104,462.7476864452912,510.6081732638619
labeled-data,PMA36 Confidence Task 21001-09012021114436 Cam1,img228098.png,,,440.7008709853021,390.9254607667781,485.8443502605179,450.76681701532,168.79014697876966,462.3151489229333,322.0680068434559,494.8604479352982,458.54829302434086,515.8574150400498
labeled-data,PMA36 Confidence Task 21001-09012021114436 Cam1,img234740.png,255.9275604634886,384.6263706353526,,,180.33847888638303,405.62333774010415,170.8898436892448,458.115755501983,313.66922000155523,491.7109028695855,463.7975348005288,506.40877984291154
labeled-data,PMA36 Confidence Task 21001-09012021114436 Cam1,img241818.png,,,454.3488996033906,403.52364102962906,495.2929854576561,453.91636208103273,167.7402986235321,460.21545221245816,322.0680068434559,494.8604479352982,452.2492028929154,510.6081732638619
labeled-data,PMA36 Confidence Task 21001-09012021114436 Cam1,img254491.png,,,438.6011742748269,399.3242476086787,493.1932887471809,456.0160587915079,174.03938875495754,458.115755501983,312.61937164631775,496.96014464577337,465.897231511004,510.6081732638619
labeled-data,PMA36 Confidence Task 21001-09012021114436 Cam1,img258534.png,246.4789252663503,368.878645306789,,,179.28863053114543,403.52364102962906,167.7402986235321,463.3649972781709,319.9683101329807,498.0099930010109,464.8473831557664,511.6580216190994
labeled-data,PMA36 Confidence Task 21001-09012021114436 Cam1,img268282.png,250.6783186873007,379.3771288591647,,,184.5378723073333,408.7728828058169,165.64060191305697,463.3649972781709,311.56952329108015,490.6610545143479,463.7975348005288,509.5583249086243
labeled-data,PMA36 Confidence Task 21001-09012021114436 Cam1,img285753.png,255.9275604634886,376.227583793452,,,187.6874173730461,402.47379267439146,169.83999533400726,466.5145423438836,319.9683101329807,493.8105995800606,465.897231511004,512.707869974337
labeled-data,PMA36 Confidence Task 21001-09012021114436 Cam1,img292847.png,244.3792285558752,380.4269772144023,,,168.79014697876966,405.62333774010415,168.79014697876966,462.3151489229333,319.9683101329807,491.7109028695855,464.8473831557664,513.7577183295746
labeled-data,PMA36 Confidence Task 21001-09012021114436 Cam1,img305253.png,385.0589081577105,376.227583793452,306.32028151489226,357.3303133991756,350.41391243487044,419.2713663581927,172.98954039972,463.3649972781709,322.0680068434559,495.91029629053577,464.8473831557664,516.9072633952874
labeled-data,PMA36 Confidence Task 21001-09012021114436 Cam1,img338235.png,,,363.0120926977214,365.72910024107625,437.5513259195893,415.0719729372424,171.9396920444824,459.1656038572206,317.86861342250563,493.8105995800606,465.897231511004,511.6580216190994
labeled-data,PMA36 Confidence Task 21001-09012021114436 Cam1,img344183.png,242.2795318454,377.2774321486896,,,168.79014697876966,399.3242476086787,170.8898436892448,462.3151489229333,317.86861342250563,493.8105995800606,470.09662493195424,509.5583249086243
labeled-data,PMA36 Confidence Task 21001-09012021114436 Cam1,img360283.png,,,436.5014775643517,395.1248541877284,474.2960183529045,462.3151489229333,177.1889338206703,464.4148456334085,317.86861342250563,494.8604479352982,464.8473831557664,513.7577183295746
labeled-data,PMA36 Confidence Task 21001-09012021114436 Cam1,img375550.png,262.226650594914,388.8257640563029,186.6375690178085,354.18076833346294,191.88681079399635,415.0719729372424,167.7402986235321,461.2653005676957,308.41997822536734,491.7109028695855,461.6978380900536,514.8075666848122
labeled-data,RMM55 2025_04_15_12_37_20,img0130105.png,402.86638513940585,363.5132688243213,278.7815278771987,394.5344831398731,361.71579472081675,481.26726602213006,213.57366921389595,495.1951581638064,357.2841926757379,505.95762027328357,511.12409224061724,505.95762027328357
labeled-data,RMM55 2025_04_15_12_37_20,img0137279.png,527.5843284080528,369.2110428822798,421.8589653326008,423.65643943610536,,,212.30749720101628,497.72750218956577,359.8165367014973,505.95762027328357,508.5917482148579,507.8568782926031
labeled-data,RMM55 2025_04_15_12_37_20,img0166268.png,541.5122205497291,374.27573093379846,437.6861154935966,410.9947193073087,518.7211243178951,486.3319540736488,212.30749720101628,497.72750218956577,359.8165367014973,505.95762027328357,508.5917482148579,507.8568782926031
labeled-data,RMM55 2025_04_15_12_37_20,img0180911.png,530.1166724338121,371.11030090159926,435.1537714678373,416.6924933652672,507.3255762019782,477.46874998349114,212.30749720101628,497.72750218956577,359.8165367014973,505.95762027328357,508.5917482148579,507.8568782926031
labeled-data,RMM55 2025_04_15_12_37_20,img0196605.png,544.6776505819282,383.77202103039593,443.8106690175806,410.8178828554677,515.8197819567353,482.22691985346273,207.98082414184913,495.4285905589744,362.8004169610316,506.2299574998476,509.819022545139,508.03018532332646
labeled-data,RMM55 2025_04_15_12_37_20,img0197862.png,288.3910002572385,398.81636403227526,175.57672331922956,358.61127597458056,212.1813557299665,470.8254769714299,212.1813557299665,497.22881838245326,362.200341019872,506.83003344100723,510.4190984862986,510.43048908796493
labeled-data,RMM55 2025_04_15_12_37_20,img0214062.png,450.98092162883313,308.43478626405584,,,326.896064366626,379.9735049917569,212.30749720101628,497.72750218956577,359.8165367014973,505.95762027328357,508.5917482148579,507.8568782926031
labeled-data,RMM55 2025_04_15_12_37_20,img0311655.png,431.80915019438817,399.4164399734349,320.19502513869844,370.0127188566134,351.39897407899883,473.2257807360684,208.58090008300877,496.028666500134,359.1999613140739,505.629881558688,508.61887066281975,505.0298056175284
labeled-data,RMM55 2025_04_15_12_37_20,img0313223.png,290.19122808071734,388.61507303256167,174.3765714369103,360.41150379805947,210.38112790648762,461.8243378540356,215.208850734929,497.59782386665154,360.40011319639314,505.629881558688,510.4190984862986,507.43010938216685
labeled-data,RMM55 2025_04_15_12_37_20,img0320902.png,424.39130935836016,389.46979508835443,300.93953810259285,381.8727630110764,351.58641861777943,475.5694919641716,207.87589515593746,495.1951581638064,359.8165367014973,505.95762027328357,508.5917482148579,507.8568782926031
labeled-data,RMM55 2025_04_15_12_37_20,img0355429.png,,,438.9522875064763,379.3404189853171,514.2895222728163,442.0159336228605,207.87589515593746,495.1951581638064,359.8165367014973,505.95762027328357,508.5917482148579,507.8568782926031
labeled-data,RMM55 2025_04_15_12_37_20,img0358657.png,549.7423386334469,383.77202103039593,450.41150437033644,412.61811067894655,512.8194022509372,483.42707173578196,207.3807482006895,498.4289702647725,360.40011319639314,510.43048908796493,511.0191744274583,510.43048908796493
labeled-data,RMM55 2025_04_15_12_37_20,img0395031.png,404.20565690104553,361.0115797392191,271.58887390476906,396.4160602676368,355.59950566711615,465.4247935009933,207.98082414184913,502.0294259117303,361.60026507871237,509.8304131468053,515.8197819567353,509.8304131468053
labeled-data,RMM55 2025_04_15_12_37_20,img0400454.png,534.4221361326835,366.4122632096557,429.40884642974964,407.21742720851,512.2193263097776,475.6260845007069,213.38150761228573,497.22881838245326,361.00018913755275,507.43010938216685,509.819022545139,511.03056502912455
labeled-data,RMM55 2025_04_15_12_37_20,img0426829.png,,,445.9162335773145,409.72854729442906,515.555694285696,482.53343803500974,207.87589515593746,495.1951581638064,359.8165367014973,505.95762027328357,508.5917482148579,507.8568782926031
labeled-data,RMM55 2025_04_15_12_37_20,img0467863.png,,,440.8515455257958,400.86534320427137,515.555694285696,478.101835989931,207.87589515593746,495.1951581638064,359.8165367014973,505.95762027328357,508.5917482148579,507.8568782926031
labeled-data,RMM55 2025_04_15_12_37_20,img0480188.png,545.2235030735567,384.41454144444435,440.81028931178247,418.61887009054277,510.4190984862986,485.2272995592608,212.1813557299665,497.22881838245326,358.5998853729143,509.8304131468053,511.0191744274583,509.2303372056457
labeled-data,RMM55 2025_04_15_12_37_20,img0483036.png,281.79016490448265,395.21590838531756,,,212.78143167112611,472.62570479490876,210.38112790648762,495.4285905589744,360.40011319639314,505.0298056175284,515.8197819567353,506.2299574998476
labeled-data,RMM55 2025_04_15_12_37_20,img0514320.png,413.628847248883,381.8727630110764,284.4793019351572,390.73596710123405,363.61505274013626,480.0010940092504,207.87589515593746,495.1951581638064,359.8165367014973,505.95762027328357,508.5917482148579,507.8568782926031
labeled-data,RMM55 2025_04_15_12_37_20,img0516174.png,,,440.8515455257958,406.56311726222987,520.6203823372147,485.69886806720893,207.87589515593746,495.1951581638064,359.8165367014973,505.95762027328357,508.5917482148579,507.8568782926031
labeled-data,RMM55 2025_04_15_12_37_20,img0524261.png,274.9830118385597,398.33299917851207,,,212.94058320745611,473.6702339448521,207.87589515593746,495.1951581638064,359.8165367014973,505.95762027328357,508.5917482148579,507.8568782926031
labeled-data,RMM55 2025_04_15_12_37_20,img0553624.png,,,418.0604492939618,416.6924933652672,512.3902642534968,478.7349219963708,207.87589515593746,495.1951581638064,359.8165367014973,505.95762027328357,508.5917482148579,507.8568782926031
labeled-data,RMM55 2025_04_15_12_37_20,img0576844.png,526.951242401613,357.18240875992296,419.95970731328134,393.2683111269934,492.764598053862,468.60554589333344,207.87589515593746,495.1951581638064,359.8165367014973,505.95762027328357,508.5917482148579,507.8568782926031
labeled-data,RMM55 2025_04_15_12_37_20,img0578038.png,268.588494198971,380.214009856327,,,201.9800647302529,461.8243378540356,210.98120384764724,497.8288943236129,361.00018913755275,505.0298056175284,506.8186428393409,507.43010938216685
labeled-data,RMM55 2025_04_15_12_37_20,img0592944.png,,,445.9162335773145,409.72854729442906,520.6203823372147,483.7996100478894,207.87589515593746,495.1951581638064,359.8165367014973,505.95762027328357,508.5917482148579,507.8568782926031
labeled-data,RMM55 2025_04_15_12_37_20,img0611874.png,273.9891776694076,398.21628809111564,,,209.1809760241684,473.2257807360684,206.7806722595299,498.4289702647725,361.60026507871237,508.6302612644861,508.01879472166013,506.2299574998476
labeled-data,RMM55 2025_04_15_12_37_20,img0623013.png,437.20983366482477,397.616212149956,307.5934303743464,379.01385797400775,361.00018913755275,482.82699579462235,208.58090008300877,494.8285146178148,361.60026507871237,508.6302612644861,508.01879472166013,508.03018532332646
labeled-data,RMM55 2025_04_15_12_37_20,img0624509.png,276.98955737520566,393.41568056183866,161.17490073139862,391.6154527383598,214.581659494605,476.2261604418665,212.78143167112611,497.8288943236129,361.00018913755275,506.2299574998476,510.4190984862986,506.83003344100723
labeled-data,RMM55 2025_04_15_12_37_20,img0630402.png,,,441.48463153223565,410.3616333008689,521.2534683436545,484.43269605432926,211.67441119457644,497.72750218956577,359.8165367014973,505.95762027328357,508.5917482148579,507.8568782926031
labeled-data,RMM55 2025_04_15_12_37_20,img0644228.png,434.20945395902663,401.8167437380734,329.7962401972524,364.6120353861768,351.99905002015845,479.82661608882427,211.58127978880688,497.22881838245326,360.40011319639314,508.6302612644861,509.21894660397936,508.6302612644861
labeled-data,RMM55 2025_04_15_12_37_20,img0645750.png,,,438.9522875064763,410.3616333008689,516.1887802921358,480.6341800156902,211.67441119457644,497.72750218956577,359.8165367014973,505.95762027328357,508.5917482148579,507.8568782926031
labeled-data,RMM55 2025_04_15_12_37_20,img0663874.png,517.0199338390545,359.81142785689985,419.2075554300361,415.0184144435851,504.41833907470243,476.2261604418665,210.38112790648762,498.4289702647725,361.00018913755275,510.43048908796493,512.8194022509372,511.03056502912455
labeled-data,RMM55 2025_04_15_12_37_20,img0698308.png,,,435.40960584134586,415.0184144435851,510.4190984862986,485.2272995592608,211.58127978880688,497.8288943236129,359.8000372552335,509.2303372056457,510.4190984862986,511.03056502912455
labeled-data,RMM55 2025_04_15_12_37_20,img0721311.png,511.0191744274583,370.0127188566134,400.60520125408783,431.8205407960545,508.61887066281975,480.4266920299839,209.1809760241684,497.22881838245326,353.7992778436373,507.43010938216685,508.61887066281975,508.6302612644861
labeled-data,RMM55 2025_04_15_12_37_20,img0728036.png,426.2905673776797,398.9660851849519,304.7380541412318,379.9735049917569,350.9533326113396,477.46874998349114,211.67441119457644,497.72750218956577,359.8165367014973,505.95762027328357,508.5917482148579,507.8568782926031
labeled-data,RMM55 2025_04_15_12_37_20,img0734138.png,428.18982539699914,401.4984292107112,311.06891420563016,373.0095589209188,350.9533326113396,477.46874998349114,211.67441119457644,497.72750218956577,359.8165367014973,505.95762027328357,508.5917482148579,507.8568782926031
labeled-data,RMM55 2025_04_15_12_37_20,img0781783.png,483.26830795726454,395.16756914631287,365.5143107594557,358.44858077280264,382.6076329333312,459.7423418031758,211.67441119457644,497.72750218956577,359.8165367014973,505.95762027328357,508.5917482148579,507.8568782926031
labeled-data,RMM55 2025_04_15_12_37_20,img0843450.png,542.8231993089182,383.2143895621251,442.6105171352614,415.6184903847447,515.2197060155756,483.42707173578196,206.7806722595299,496.62874244129364,356.19958160827576,508.6302612644861,511.61925036861794,510.43048908796493
labeled-data,RMM55 2025_04_15_12_37_20,img0857431.png,271.58887390476906,359.81142785689985,160.574824790239,358.01120003342095,224.78295049431858,431.8205407960545,213.38150761228573,502.0294259117303,359.1999613140739,505.0298056175284,511.0191744274583,508.03018532332646
labeled-data,RMM55 2025_04_15_12_37_20,img0904527.png,527.2212248387681,370.0127188566134,426.40846672395156,417.41871820822354,509.21894660397936,477.42631232418574,210.38112790648762,503.22957779404953,359.1999613140739,508.6302612644861,507.4187187805005,511.03056502912455
