scorer,,,Paul,Paul,Paul,Paul,Paul,Paul,Paul,Paul,Paul,Paul,Paul,Paul
bodyparts,,,leftEar,leftEar,rightEar,rightEar,implant,implant,rightPort,rightPort,centrePort,centrePort,leftPort,leftPort
coords,,,x,y,x,y,x,y,x,y,x,y,x,y
labeled-data,ML118_051116 Cam2,img015211.png,229.46110102090088,273.5459571769302,,,130.41831162734346,336.5731867910122,498.4523131,393.97298518955114,318.37451422648087,391.7220127,133.23202723511497,386.09458148779083
labeled-data,ML118_051116 Cam2,img018456.png,498.4523131,270.1694984476044,,,428.10942292957003,328.13203996769766,496.7640838,391.15926958177965,318.37451422648087,391.7220127,133.23202723511497,386.09458148779083
labeled-data,ML118_051116 Cam2,img021022.png,555.2893684008426,239.21862676211774,,,475.9425882616858,338.8241592772294,498.4523131,392.28475582488824,318.37451422648087,391.7220127,133.23202723511497,386.09458148779083
labeled-data,ML118_051116 Cam2,img024350.png,233.96304599333533,266.23029659672426,,,146.73786215241827,336.5731867910122,498.4523131,392.28475582488824,318.37451422648087,391.7220127,133.23202723511497,386.09458148779083
labeled-data,ML118_051116 Cam2,img025809.png,504.64248746095535,272.4204709338216,,,427.5466798080157,331.50849869702347,498.4523131,392.28475582488824,318.37451422648087,391.7220127,133.23202723511497,386.09458148779083
labeled-data,ML118_051116 Cam2,img036528.png,162.49466955593877,258.3518929,,,100.03018306341107,316.8771775366115,498.4523131,392.28475582488824,318.37451422648087,391.7220127,133.23202723511497,386.09458148779083
labeled-data,ML118_051116 Cam2,img037606.png,481.57001947722887,284.8008196080163,,,413.4781017691582,336.0104436694579,498.4523131,392.28475582488824,318.37451422648087,391.7220127,133.23202723511497,386.09458148779083
labeled-data,ML118_051116 Cam2,img037683.png,224.39641292691212,270.7322415691587,,,140.54768781532093,334.32221430479495,498.4523131,392.28475582488824,318.37451422648087,391.7220127,133.23202723511497,386.09458148779083
labeled-data,ML118_051116 Cam2,img042353.png,416.29181737692966,303.9340857408626,,,336.3822941162186,356.26919604541285,498.4523131,392.28475582488824,318.37451422648087,391.7220127,133.23202723511497,386.09458148779083
labeled-data,ML118_051116 Cam2,img044188.png,,,,,,,498.4523131,392.28475582488824,318.37451422648087,391.7220127,133.23202723511497,386.09458148779083
labeled-data,ML118_051116 Cam2,img048070.png,78.64594444434755,25.37624057148233,133.7947703566693,95.15638764421598,,,498.4523131,392.28475582488824,318.37451422648087,391.7220127,133.23202723511497,386.09458148779083
labeled-data,ML118_051116 Cam2,img049554.png,119.7261923178117,261.1656085027355,,,38.12843969243769,231.90296618191172,498.4523131,392.28475582488824,318.37451422648087,391.7220127,133.23202723511497,386.09458148779083
labeled-data,ML118_051116 Cam2,img057188.png,222.70818356224922,266.7930397182786,,,134.35751347822358,342.2006180065552,498.4523131,392.28475582488824,318.37451422648087,391.7220127,133.23202723511497,386.09458148779083
labeled-data,ML118_051116 Cam2,img059812.png,505.2052305825096,276.35967278470173,,,428.67216605112435,335.4477005479036,498.4523131,392.28475582488824,318.37451422648087,391.15926958177965,133.23202723511497,386.09458148779083
labeled-data,ML118_051116 Cam2,img061256.png,,,467.5014414383713,253.28720480097533,533.3423866602247,338.8241592772294,498.4523131,392.28475582488824,318.37451422648087,391.15926958177965,133.23202723511497,386.09458148779083
labeled-data,ML118_051116 Cam2,img063469.png,502.3915149747381,282.5498471217991,,,434.8623403882217,324.75558123837186,498.4523131,392.28475582488824,318.37451422648087,391.15926958177965,133.7947703566693,384.96909524468225
labeled-data,ML118_051116 Cam2,img064420.png,572.1716620474717,271.85772781226734,437.1133128744389,245.40880109921505,493.95036815142356,327.56929684614335,498.4523131,392.28475582488824,318.37451422648087,391.15926958177965,132.10654099200636,385.53183836623657
labeled-data,ML118_051116 Cam2,img065456.png,197.38474309230557,276.35967278470173,,,106.22035740050842,344.4515904927724,498.4523131,392.28475582488824,318.37451422648087,391.15926958177965,132.10654099200636,385.53183836623657
labeled-data,ML118_051116 Cam2,img067135.png,230.0238441424552,291.5537370666679,,,128.73008226268055,341.07513176344656,498.4523131,392.28475582488824,318.37451422648087,391.15926958177965,132.10654099200636,385.53183836623657
labeled-data,ML118_051116 Cam2,img073887.png,,,485.50922132810905,249.91074607164947,532.7796435386705,352.8927373,498.4523131,392.28475582488824,318.37451422648087,391.15926958177965,132.10654099200636,385.53183836623657
labeled-data,ML124_060317 Cam2,img012069.png,182.1906788103394,282.5498471217991,,,116.91247671004018,354.0182235591956,500.70328561007517,418.1709394163862,315.5607986187093,413.1062513223975,132.10654099200636,410.2925357146259
labeled-data,ML124_060317 Cam2,img030051.png,,,429.23490917267867,302.8085995,504.0797443,357.39468228852144,500.70328561007517,418.1709394163862,315.5607986187093,413.1062513223975,132.10654099200636,410.2925357146259
labeled-data,ML124_060317 Cam2,img030596.png,,,266.60214704348493,297.74391140376525,350.4508721550762,379.3416640291393,500.70328561007517,418.1709394163862,315.5607986187093,413.1062513223975,132.10654099200636,410.2925357146259
labeled-data,ML124_060317 Cam2,img031372.png,,,455.6838358857309,294.36745267443945,519.2738086213672,363.02211350406446,500.70328561007517,418.1709394163862,318.37451422648087,415.9199669,132.10654099200636,410.2925357146259
labeled-data,ML124_060317 Cam2,img032909.png,202.4494311862943,279.73613151402753,,,112.97327485916006,307.31054447018835,500.70328561007517,418.1709394163862,318.37451422648087,415.9199669,132.10654099200636,410.2925357146259
labeled-data,ML124_060317 Cam2,img038697.png,,,438.8015422391018,302.8085995,519.8365517429214,327.56929684614335,500.70328561007517,418.1709394163862,318.37451422648087,415.9199669,132.10654099200636,410.2925357146259
labeled-data,ML124_060317 Cam2,img042358.png,,,,,108.47132988672561,360.7711410178472,500.70328561007517,418.1709394163862,318.37451422648087,415.9199669,132.10654099200636,410.2925357146259
labeled-data,ML124_060317 Cam2,img050716.png,,,446.11720281930775,299.43214076842816,527.7149554446817,329.25752621080625,500.70328561007517,418.1709394163862,318.37451422648087,415.9199669,132.10654099200636,410.2925357146259
labeled-data,ML124_060317 Cam2,img052860.png,,,428.67216605112435,303.9340857408626,516.4600930135956,326.44381060303476,500.70328561007517,418.1709394163862,318.37451422648087,415.9199669,132.10654099200636,410.2925357146259
labeled-data,ML124_060317 Cam2,img053732.png,201.8866881,287.6145352157878,,,116.91247671004018,319.69089314438304,500.70328561007517,418.1709394163862,318.37451422648087,415.9199669,132.10654099200636,410.2925357146259
labeled-data,ML124_060317 Cam2,img056665.png,,,281.7962113254511,289.3027645804507,333.56857850844705,374.83971905670484,500.70328561007517,418.1709394163862,318.37451422648087,415.9199669,132.10654099200636,410.2925357146259
labeled-data,ML124_060317 Cam2,img058424.png,510.8326617980527,292.67922330977655,,,451.18189091329646,374.2769759351505,500.70328561007517,418.1709394163862,318.37451422648087,415.9199669,132.10654099200636,410.2925357146259
labeled-data,ML124_060317 Cam2,img066179.png,227.77287165623798,285.9263058511249,,,155.7417520972871,336.0104436694579,500.70328561007517,418.1709394163862,318.37451422648087,415.9199669,132.10654099200636,410.2925357146259
labeled-data,ML124_060317 Cam2,img069158.png,,,419.1055329847012,300.5576270115368,487.19745069277195,357.39468228852144,500.70328561007517,418.1709394163862,318.37451422648087,415.9199669,132.10654099200636,410.2925357146259
labeled-data,ML124_060317 Cam2,img069892.png,246.90613778908428,253.84994792252957,,,188.94359626899103,337.1359299125665,500.70328561007517,418.1709394163862,318.37451422648087,415.9199669,132.10654099200636,410.2925357146259
labeled-data,ML124_060317 Cam2,img070805.png,,,398.28403748719194,295.49293891754803,462.43675334438257,365.2730859902817,500.70328561007517,418.1709394163862,318.37451422648087,415.9199669,132.10654099200636,410.2925357146259
labeled-data,ML124_060317 Cam2,img072316.png,195.13377060608835,289.8655077,,,118.03796295314879,324.1928381168175,500.70328561007517,418.1709394163862,318.37451422648087,415.9199669,132.10654099200636,410.2925357146259
labeled-data,ML124_060317 Cam2,img073489.png,,,411.7898724044952,302.8085995,485.50922132810905,353.4554804376413,500.70328561007517,418.1709394163862,318.37451422648087,415.9199669,132.10654099200636,410.2925357146259
labeled-data,ML124_060317 Cam2,img075075.png,375.77431262501983,336.0104436694579,,,228.89835789934656,380.46715027224786,500.70328561007517,418.1709394163862,318.37451422648087,415.9199669,132.10654099200636,410.2925357146259
labeled-data,ML124_060317 Cam2,img076103.png,457.9348083719481,294.93019579599377,,,336.3822941162186,369.77503096271613,499.01505624541227,419.8591687810491,318.37451422648087,415.9199669,132.10654099200636,410.2925357146259
labeled-data,ML127_130717 Cam2,img010963.png,177.68873383790495,236.96765427590046,,,87.08709126766209,292.11648018822217,109.03407300827993,382.71812275846503,296.99027560741735,386.6573246093452,478.7563038694573,380.46715027224786
labeled-data,ML127_130717 Cam2,img012766.png,,,417.4173036200383,251.03623231475808,499.57779936696653,295.49293891754803,109.03407300827993,382.71812275846503,296.99027560741735,386.6573246093452,481.0072763556746,379.3416640291393
labeled-data,ML127_130717 Cam2,img014013.png,,,,,,,109.03407300827993,382.71812275846503,296.99027560741735,386.6573246093452,481.0072763556746,379.3416640291393
labeled-data,ML127_130717 Cam2,img017886.png,,,84.83611878144487,232.4657093,134.35751347822358,318.00266377972014,109.03407300827993,382.71812275846503,296.99027560741735,386.6573246093452,481.0072763556746,379.3416640291393
labeled-data,ML127_130717 Cam2,img018557.png,,,293.6138168780915,249.34800295009518,412.91535864760385,310.68700319951427,109.03407300827993,382.71812275846503,296.99027560741735,386.6573246093452,481.0072763556746,379.3416640291393
labeled-data,ML127_130717 Cam2,img019931.png,,,396.59580812252904,258.91463601651833,481.57001947722887,329.25752621080625,109.03407300827993,382.71812275846503,296.99027560741735,386.6573246093452,481.0072763556746,379.3416640291393
labeled-data,ML127_130717 Cam2,img030211.png,253.65905524773595,242.5950854914435,,,151.2398071248527,314.06346192884007,109.03407300827993,382.71812275846503,296.99027560741735,386.6573246093452,481.0072763556746,378.77892090758496
labeled-data,ML127_130717 Cam2,img034707.png,,,411.7898724044952,240.9068561267806,488.3229369358805,312.93797568573143,109.03407300827993,382.71812275846503,296.99027560741735,386.6573246093452,481.0072763556746,378.77892090758496
labeled-data,ML127_130717 Cam2,img038167.png,208.63960552339162,254.97543416563818,,,114.66150422382296,338.82415927722934,109.03407300827993,382.71812275846503,296.99027560741735,386.6573246093452,481.0072763556746,378.77892090758496
labeled-data,ML127_130717 Cam2,img043512.png,179.37696320256785,253.84994792252954,,,85.96160502455348,297.1811682822109,109.03407300827993,382.71812275846503,296.99027560741735,386.6573246093452,481.0072763556746,378.77892090758496
labeled-data,ML127_130717 Cam2,img047435.png,,,408.4134136751694,260.60286538118123,486.0719644496633,324.19283811681754,109.03407300827993,382.71812275846503,296.99027560741735,386.6573246093452,481.0072763556746,378.77892090758496
labeled-data,ML127_130717 Cam2,img047997.png,188.3808531474367,258.3518929,,,87.08709126766209,296.6184251606566,109.03407300827993,382.71812275846503,296.99027560741735,386.6573246093452,481.0072763556746,378.77892090758496
labeled-data,ML127_130717 Cam2,img051611.png,,,,,,,109.03407300827993,382.71812275846503,296.99027560741735,386.6573246093452,481.0072763556746,378.77892090758496
labeled-data,ML127_130717 Cam2,img053217.png,191.19456875520822,253.28720480097527,,,85.96160502455348,294.9301957959937,109.03407300827993,382.71812275846503,296.99027560741735,386.6573246093452,481.0072763556746,378.77892090758496
labeled-data,ML127_130717 Cam2,img058868.png,340.8842391,249.34800295009518,,,271.66683513747364,361.33388413940156,109.03407300827993,382.71812275846503,296.99027560741735,386.6573246093452,481.0072763556746,378.77892090758496
labeled-data,ML127_130717 Cam2,img064788.png,242.40419281664984,226.27553496636867,,,170.37307325769902,314.06346192884007,109.03407300827993,382.71812275846503,296.99027560741735,386.6573246093452,481.0072763556746,378.77892090758496
labeled-data,ML127_130717 Cam2,img068274.png,170.9358163792533,244.2833148561064,,,99.46743994185675,330.38301245391483,109.03407300827993,382.71812275846503,296.99027560741735,386.6573246093452,481.0072763556746,378.77892090758496
labeled-data,ML127_130717 Cam2,img068350.png,177.68873383790495,255.5381772871925,,,78.64594444434755,294.9301957959937,109.03407300827993,382.71812275846503,296.99027560741735,386.6573246093452,481.0072763556746,378.77892090758496
labeled-data,ML127_130717 Cam2,img070326.png,,,428.67216605112435,244.84605797766073,495.0758543945322,332.6339849401321,109.03407300827993,382.71812275846503,296.99027560741735,386.6573246093452,481.0072763556746,378.77892090758496
labeled-data,ML127_130717 Cam2,img075265.png,,,409.53889991827805,255.53817728719253,499.57779936696653,291.5537370666679,109.03407300827993,382.71812275846503,296.99027560741735,386.6573246093452,481.0072763556746,378.77892090758496
labeled-data,ML138_040418 Cam2,img07369.png,754.4870163122171,525.1020440730252,,,608.3918658300735,750.4736328012933,242.58772935152777,761.7988382650254,652.5601671386285,756.1362355331594,1044.412276183758,739.1484273375613
labeled-data,ML138_040418 Cam2,img07715.png,345.6470990714895,531.8971673512646,,,190.49178421836027,747.0760711621738,242.58772935152777,761.7988382650254,646.8975644067625,751.6061533476666,1043.2797556373848,735.7508656984417
labeled-data,ML138_040418 Cam2,img08315.png,342.24953743236995,526.2345646193985,,,188.22674312561387,742.5459889766809,242.58772935152777,761.7988382650254,646.8975644067625,751.6061533476666,1043.2797556373848,735.7508656984417
labeled-data,ML138_040418 Cam2,img09590.png,708.0536739109157,513.7768386092932,,,594.8016193,753.8711944,242.58772935152777,761.7988382650254,646.8975644067625,751.6061533476666,1043.2797556373848,735.7508656984417
labeled-data,ML138_040418 Cam2,img12139.png,,,932.2927420928104,405.0548661574653,1010.4366597925618,633.8240165,242.58772935152777,761.7988382650254,646.8975644067625,751.6061533476666,1043.2797556373848,735.7508656984417
labeled-data,ML138_040418 Cam2,img19330.png,345.6470990714895,514.9093591556664,,,215.4072362385708,731.2207835129489,242.58772935152777,761.7988382650254,646.8975644067625,751.6061533476666,1043.2797556373848,735.7508656984417
labeled-data,ML138_040418 Cam2,img20709.png,,,446.44142769870496,555.6800988251018,683.1382219,710.8354136782311,242.58772935152777,761.7988382650254,646.8975644067625,751.6061533476666,1043.2797556373848,735.7508656984417
labeled-data,ML138_040418 Cam2,img23035.png,,,,,,,242.58772935152777,761.7988382650254,646.8975644067625,751.6061533476666,1043.2797556373848,735.7508656984417
labeled-data,ML138_040418 Cam2,img24260.png,,,936.8228242783034,510.3792769701735,1090.8456185850594,711.9679342246043,242.58772935152777,761.7988382650254,646.8975644067625,751.6061533476666,1043.2797556373848,735.7508656984417
labeled-data,ML138_040418 Cam2,img26406.png,349.04466071060915,526.2345646193985,,,185.9617020328674,749.3411122549202,242.58772935152777,761.7988382650254,646.8975644067625,751.6061533476666,1043.2797556373848,735.7508656984417
labeled-data,ML138_040418 Cam2,img28772.png,723.9089615601405,513.7768386092932,,,626.5121945720448,738.0159067911881,242.58772935152777,761.7988382650254,646.8975644067625,751.6061533476666,1043.2797556373848,735.7508656984417
labeled-data,ML138_040418 Cam2,img28913.png,312.8040032266665,458.2833318370061,,,174.63649656913535,711.9679342246043,242.58772935152777,761.7988382650254,646.8975644067625,751.6061533476666,1043.2797556373848,735.7508656984417
labeled-data,ML138_040418 Cam2,img29295.png,,,879.0642764132698,516.0418797020396,1149.7366869964662,740.2809478839345,242.58772935152777,761.7988382650254,646.8975644067625,751.6061533476666,1043.2797556373848,735.7508656984417
labeled-data,ML138_040418 Cam2,img30700.png,,,916.4374544435856,518.3069208,1175.78466,735.7508656984417,242.58772935152777,761.7988382650254,646.8975644067625,751.6061533476666,1043.2797556373848,735.7508656984417
labeled-data,ML138_040418 Cam2,img31065.png,,,899.4496462479875,516.0418797020396,1157.6643308210785,743.6785095230541,242.58772935152777,761.7988382650254,646.8975644067625,751.6061533476666,1043.2797556373848,735.7508656984417
labeled-data,ML138_040418 Cam2,img33447.png,402.27312639014986,405.0548661574653,,,247.11781153702057,708.5703725854847,242.58772935152777,761.7988382650254,646.8975644067625,751.6061533476666,1043.2797556373848,735.7508656984417
labeled-data,ML138_040418 Cam2,img33763.png,723.9089615601405,510.3792769701735,,,617.4520302010591,750.4736328012933,242.58772935152777,761.7988382650254,646.8975644067625,751.6061533476666,1043.2797556373848,735.7508656984417
labeled-data,ML138_040418 Cam2,img42323.png,,,943.6179475565425,468.47601675436493,1077.255372028581,698.3776876681259,242.58772935152777,761.7988382650254,646.8975644067625,751.6061533476666,1043.2797556373848,735.7508656984417
labeled-data,ML138_040418 Cam2,img43455.png,344.51457852511635,517.1744002484128,,,204.08203077483873,740.2809478839345,242.58772935152777,761.7988382650254,646.8975644067625,751.6061533476666,1043.2797556373848,735.7508656984417
labeled-data,ML138_040418 Cam2,img43458.png,354.7072634424752,517.1744002484128,,,201.81698968209233,744.8110300694274,242.58772935152777,761.7988382650254,646.8975644067625,751.6061533476666,1043.2797556373848,735.7508656984417
labeled-data,ML140_190818 Cam2,img09419.png,,,913.0398928,527.3670851657716,1059.1350432866095,782.1842080997432,219.93731842406365,889.7736600051977,635.5723589430304,895.4362627370638,1036.4846323591455,888.6411394588246
labeled-data,ML140_190818 Cam2,img10180.png,1106.7009062342843,547.7524550004894,,,911.9073722580928,769.7264820896379,219.93731842406365,889.7736600051977,635.5723589430304,895.4362627370638,1036.4846323591455,888.6411394588246
labeled-data,ML140_190818 Cam2,img12381.png,779.4024683324276,494.5239893209486,463.4292359,528.4996057121449,629.9097562111643,743.6785095230541,219.93731842406365,889.7736600051977,635.5723589430304,895.4362627370638,1036.4846323591455,888.6411394588246
labeled-data,ML140_190818 Cam2,img16888.png,838.2935367438344,520.5719618875324,515.5251810274706,545.4874139,640.1024411285232,786.7142903,219.93731842406365,889.7736600051977,635.5723589430304,895.4362627370638,1036.4846323591455,888.6411394588246
labeled-data,ML140_190818 Cam2,img17502.png,,,535.9105508621883,582.8605919380587,620.8495918401787,837.6777148720303,219.93731842406365,889.7736600051977,635.5723589430304,895.4362627370638,1036.4846323591455,888.6411394588246
labeled-data,ML140_190818 Cam2,img21119.png,1175.78466,556.8126193714751,871.1366325886573,563.6077426497143,1029.6895090809062,819.5573861,219.93731842406365,889.7736600051977,635.5723589430304,895.4362627370638,1036.4846323591455,888.6411394588246
labeled-data,ML140_190818 Cam2,img22746.png,275.4308251963507,543.2223728149966,,,159.91372946628368,764.0638793577718,219.93731842406365,889.7736600051977,635.5723589430304,895.4362627370638,1036.4846323591455,888.6411394588246
labeled-data,ML140_190818 Cam2,img33251.png,759.0170984977099,610.0410850510158,,,550.633318,826.3525094082981,219.93731842406365,889.7736600051977,635.5723589430304,895.4362627370638,1036.4846323591455,888.6411394588246
labeled-data,ML140_190818 Cam2,img34647.png,338.8519757932503,488.86138658908266,,,191.62430476473347,714.2329753173508,219.93731842406365,889.7736600051977,635.5723589430304,895.4362627370638,1036.4846323591455,888.6411394588246
labeled-data,ML140_190818 Cam2,img34913.png,266.3706608253651,544.3548933613698,,,173.50397602276215,794.6419341098484,219.93731842406365,889.7736600051977,635.5723589430304,895.4362627370638,1036.4846323591455,888.6411394588246
labeled-data,ML140_190818 Cam2,img40315.png,,,941.3529064637962,595.3183179481641,1087.4480569459397,818.4248655836857,219.93731842406365,889.7736600051977,635.5723589430304,895.4362627370638,1034.219591266399,889.7736600051977
labeled-data,ML140_190818 Cam2,img40754.png,283.3584690209632,519.4394413411593,,,171.23893493001574,751.6061533476666,219.93731842406365,889.7736600051977,635.5723589430304,895.4362627370638,1034.219591266399,889.7736600051977
labeled-data,ML140_190818 Cam2,img44282.png,295.81619503106845,556.8126193714751,,,201.81698968209233,794.6419341098484,219.93731842406365,889.7736600051977,635.5723589430304,895.4362627370638,1034.219591266399,889.7736600051977
labeled-data,ML140_190818 Cam2,img46083.png,552.8983590577864,525.1020440730252,,,320.73164705127897,644.0167014422119,219.93731842406365,889.7736600051977,635.5723589430304,895.4362627370638,1034.219591266399,889.7736600051977
labeled-data,ML140_190818 Cam2,img46719.png,,,813.3780847236238,591.9207563090445,1052.3399200083704,783.3167286461163,219.93731842406365,889.7736600051977,635.5723589430304,895.4362627370638,1034.219591266399,889.7736600051977
labeled-data,ML140_190818 Cam2,img48431.png,,,458.8991537088102,142.31009939888145,714.8487971891549,176.28571579007763,219.93731842406365,889.7736600051977,635.5723589430304,895.4362627370638,1034.219591266399,889.7736600051977
labeled-data,ML140_190818 Cam2,img48981.png,,,911.9073722580928,551.1500166,1072.7252898430881,783.3167286461163,219.93731842406365,889.7736600051977,635.5723589430304,895.4362627370638,1034.219591266399,889.7736600051977
labeled-data,ML140_190818 Cam2,img52746.png,,,883.5943585987626,598.7158795872837,1058.0025227402364,813.8947833981929,219.93731842406365,889.7736600051977,635.5723589430304,895.4362627370638,1034.219591266399,889.7736600051977
labeled-data,ML140_190818 Cam2,img53290.png,358.10482508159487,571.5353864743267,,,189.35926367198707,779.9191670069968,219.93731842406365,889.7736600051977,635.5723589430304,895.4362627370638,1034.219591266399,889.7736600051977
labeled-data,ML140_190818 Cam2,img53477.png,356.9723045352216,574.9329481134464,,,175.7690171155086,784.4492491924896,219.93731842406365,889.7736600051977,635.5723589430304,895.4362627370638,1034.219591266399,889.7736600051977
labeled-data,ML145_051118 Cam2,img07098.png,,,94.22753777663772,563.6077426497143,269.76822246448467,807.0996601199537,236.9251266196617,887.5086189124513,644.6325233140161,886.3760983660782,1043.2797556373848,884.1110572733318
labeled-data,ML145_051118 Cam2,img08240.png,1176.9171801094233,512.6443181,865.4740298567913,402.7898250647189,897.1846051552411,758.4012766259058,236.9251266196617,887.5086189124513,644.6325233140161,886.3760983660782,1043.2797556373848,884.1110572733318
labeled-data,ML145_051118 Cam2,img10794.png,,,258.44301700075266,82.28651044110153,380.755236,535.2947289903841,236.9251266196617,887.5086189124513,644.6325233140161,886.3760983660782,1043.2797556373848,884.1110572733318
labeled-data,ML145_051118 Cam2,img11752.png,774.8723861469348,559.0776604642215,,,410.2007702147623,912.4240709326618,236.9251266196617,887.5086189124513,644.6325233140161,886.3760983660782,1043.2797556373848,884.1110572733318
labeled-data,ML145_051118 Cam2,img17706.png,368.2975099989536,571.5353864743267,77.23972958103963,550.0174960932358,241.45520880515457,811.6297423054465,236.9251266196617,887.5086189124513,644.6325233140161,886.3760983660782,1043.2797556373848,884.1110572733318
labeled-data,ML145_051118 Cam2,img18085.png,,,376.2251538235661,548.8849755468626,629.9097562111643,761.7988382650254,236.9251266196617,887.5086189124513,644.6325233140161,886.3760983660782,1043.2797556373848,884.1110572733318
labeled-data,ML145_051118 Cam2,img18688.png,941.3529064637962,547.7524550004894,,,710.3187150036621,697.2451671217526,236.9251266196617,887.5086189124513,644.6325233140161,886.3760983660782,1043.2797556373848,884.1110572733318
labeled-data,ML145_051118 Cam2,img20991.png,865.4740298567915,615.7036877828817,551.7658385114131,499.0540715064415,662.7528520559873,765.1963999,236.9251266196617,887.5086189124513,644.6325233140161,886.3760983660782,1043.2797556373848,884.1110572733318
labeled-data,ML145_051118 Cam2,img21384.png,530.2479481303224,491.1264277,105.55274324036978,511.5117975165468,301.4787977629345,798.0394957,236.9251266196617,887.5086189124513,644.6325233140161,886.3760983660782,1043.2797556373848,884.1110572733318
labeled-data,ML145_051118 Cam2,img22141.png,396.6105236582839,518.3069208,79.50477067378603,583.9931125,259.5755375471258,808.2321806663268,236.9251266196617,887.5086189124513,644.6325233140161,886.3760983660782,1043.2797556373848,884.1110572733318
labeled-data,ML145_051118 Cam2,img22406.png,367.1649894525806,564.7402631960874,62.516962478187935,591.9207563090445,243.72024989790097,816.1598244909393,236.9251266196617,887.5086189124513,644.6325233140161,886.3760983660782,1043.2797556373848,884.1110572733318
labeled-data,ML145_051118 Cam2,img23799.png,769.2097834,611.1736055973889,,,603.8617836445807,811.6297423054465,236.9251266196617,887.5086189124513,644.6325233140161,886.3760983660782,1043.2797556373848,884.1110572733318
labeled-data,ML145_051118 Cam2,img24542.png,361.5023867207145,596.4508384945373,,,207.47959241395833,811.6297423054465,236.9251266196617,887.5086189124513,644.6325233140161,886.3760983660782,1043.2797556373848,884.1110572733318
labeled-data,ML145_051118 Cam2,img25849.png,,,931.1602215464372,563.6077426497143,1088.580577492313,798.0394957,236.9251266196617,887.5086189124513,644.6325233140161,886.3760983660782,1043.2797556373848,884.1110572733318
labeled-data,ML145_051118 Cam2,img30303.png,,,102.15518160125015,564.7402631960875,249.38285262976697,809.3647012127001,236.9251266196617,887.5086189124513,644.6325233140161,886.3760983660782,1043.2797556373848,884.1110572733318
labeled-data,ML145_051118 Cam2,img31546.png,,,543.8381946868006,581.7280713916856,663.8853726023606,816.1598244909393,236.9251266196617,887.5086189124513,644.6325233140161,886.3760983660782,1043.2797556373848,884.1110572733318
labeled-data,ML145_051118 Cam2,img33807.png,395.47800311191065,523.9695235,81.76981176653246,531.8971673512646,272.03326355723107,817.2923450373125,236.9251266196617,887.5086189124513,644.6325233140161,886.3760983660782,1043.2797556373848,884.1110572733318
labeled-data,ML145_051118 Cam2,img36985.png,333.18937306138434,523.9695235,,,,,236.9251266196617,887.5086189124513,644.6325233140161,886.3760983660782,1043.2797556373848,884.1110572733318
labeled-data,ML145_051118 Cam2,img39920.png,820.1732080018633,523.9695235,,,643.5000027676429,765.1963999,236.9251266196617,887.5086189124513,644.6325233140161,886.3760983660782,1043.2797556373848,884.1110572733318
labeled-data,ML145_051118 Cam2,img45904.png,,,146.32348290980522,540.9573317222502,251.64789372251343,836.5451943,236.9251266196617,887.5086189124513,644.6325233140161,886.3760983660782,1043.2797556373848,884.1110572733318
labeled-data,ML149_060519 Cam2,img09777.png,,,901.7146873407339,594.1857974017909,1063.6651254721025,799.1720162953412,221.06983897043685,860.3281257994944,626.5121945720448,862.5931668922408,1033.0870707200258,869.3882902
labeled-data,ML149_060519 Cam2,img13487.png,,,450.97150988419776,583.9931125,636.7048794894037,818.4248655836857,221.06983897043685,860.3281257994944,626.5121945720448,862.5931668922408,1033.0870707200258,868.2557696241068
labeled-data,ML149_060519 Cam2,img14120.png,,,71.57712685,604.3784823191497,234.6600855269153,810.4972217590733,221.06983897043685,860.3281257994944,627.6447151184179,865.9907285313604,1041.0147145446383,867.1232490777336
labeled-data,ML149_060519 Cam2,img14194.png,,,891.5220024,593.0532768554176,1052.3399200083704,775.3890848215038,221.06983897043685,860.3281257994944,627.6447151184179,865.9907285313604,1041.0147145446383,867.1232490777336
labeled-data,ML149_060519 Cam2,img14865.png,394.3454825655374,568.1378248352071,99.89014050850375,473.00609893985774,189.35926367198707,787.8468108316092,221.06983897043685,860.3281257994944,627.6447151184179,865.9907285313604,1041.0147145446383,867.1232490777336
labeled-data,ML149_060519 Cam2,img15263.png,783.9325505179205,204.5987294494078,439.64630442046575,273.6824827781734,643.5000027676429,795.7744546562216,221.06983897043685,860.3281257994944,627.6447151184179,865.9907285313604,1041.0147145446383,867.1232490777336
labeled-data,ML149_060519 Cam2,img15936.png,455.50159206969056,602.1134412264033,,,200.68446913571913,768.5939615432646,221.06983897043685,860.3281257994944,627.6447151184179,865.9907285313604,1041.0147145446383,867.1232490777336
labeled-data,ML149_060519 Cam2,img16601.png,377.35767436993933,533.0296878976377,,,176.9015376618818,765.1963999,221.06983897043685,860.3281257994944,627.6447151184179,865.9907285313604,1041.0147145446383,867.1232490777336
labeled-data,ML149_060519 Cam2,img23652.png,344.51457852511635,508.1142358774271,,,205.21455132121193,771.9915231823843,218.80479787769045,861.4606463458675,627.6447151184179,865.9907285313604,1041.0147145446383,867.1232490777336
labeled-data,ML149_060519 Cam2,img27168.png,,,899.4496462479875,611.1736055973889,1084.0504953068203,812.7622628518197,227.86496224867605,862.5931668922408,627.6447151184179,865.9907285313604,1041.0147145446383,867.1232490777336
labeled-data,ML149_060519 Cam2,img29412.png,,,894.9195640624947,578.3305098,1063.6651254721025,802.5695779344609,227.86496224867605,861.4606463458675,627.6447151184179,865.9907285313604,1041.0147145446383,867.1232490777336
labeled-data,ML149_060519 Cam2,img31268.png,,,914.1724133508392,586.2581535771784,1064.7976460184757,776.5216053678771,227.86496224867605,861.4606463458675,627.6447151184179,865.9907285313604,1041.0147145446383,867.1232490777336
labeled-data,ML149_060519 Cam2,img33889.png,,,73.84216794,563.6077426497143,224.46740060955645,795.7744546562216,227.86496224867605,861.4606463458675,627.6447151184179,865.9907285313604,1041.0147145446383,867.1232490777336
labeled-data,ML149_060519 Cam2,img38787.png,373.9601127308197,526.2345646193985,74.97468849,516.0418797020396,222.20235951681005,809.3647012127001,227.86496224867605,861.4606463458675,627.6447151184179,865.9907285313604,1041.0147145446383,867.1232490777336
labeled-data,ML149_060519 Cam2,img44551.png,803.1853998,613.4386466901353,,,599.3317014590878,808.2321806663268,227.86496224867605,861.4606463458675,627.6447151184179,865.9907285313604,1041.0147145446383,867.1232490777336
labeled-data,ML149_060519 Cam2,img45534.png,449.8389893378246,599.8484001336569,,,200.68446913571913,784.4492491924896,227.86496224867605,861.4606463458675,627.6447151184179,865.9907285313604,1041.0147145446383,867.1232490777336
labeled-data,ML149_060519 Cam2,img46706.png,,,899.4496462479875,535.2947289903841,1082.917974760447,752.7386738940397,227.86496224867605,861.4606463458675,627.6447151184179,865.9907285313604,1041.0147145446383,867.1232490777336
labeled-data,ML149_060519 Cam2,img50740.png,,,916.4374544435856,530.7646468048913,1051.2073994619973,768.5939615432646,227.86496224867605,861.4606463458675,627.6447151184179,865.9907285313604,1041.0147145446383,867.1232490777336
labeled-data,ML149_060519 Cam2,img58213.png,,,79.50477067378603,550.0174960932358,235.7926060732885,784.4492491924896,227.86496224867605,861.4606463458675,627.6447151184179,865.9907285313604,1041.0147145446383,867.1232490777336
labeled-data,ML149_060519 Cam2,img65626.png,,,899.4496462479875,547.7524550004894,1052.3399200083704,795.7744546562216,227.86496224867605,861.4606463458675,627.6447151184179,865.9907285313604,1041.0147145446383,867.1232490777336
labeled-data,PMA17_2020-11-16-154227 Cam2,img09584.png,484.9091142390543,555.8297301500895,288.12087254063283,565.2005988023953,413.6905124815303,737.6245820048216,413.6905124815303,831.3332685278795,773.5318687300722,823.8365736060348,1138.9957461699978,793.8497939186564
labeled-data,PMA17_2020-11-16-154227 Cam2,img17868.png,,,1045.2870596469402,533.3396453845556,1185.8500894315266,664.5318065168366,408.0679912901469,840.7041371801852,762.2868263473055,825.7107473,1137.1215724395363,801.3464888405009
labeled-data,PMA17_2020-11-16-154227 Cam2,img19788.png,466.1673769344427,567.0747725328565,,,394.94877517691873,732.0020608134382,421.1872074033749,827.5849210669571,766.0351738082278,814.4657049537291,1116.5056614044638,793.8497939186564
labeled-data,PMA17_2020-11-16-154227 Cam2,img20138.png,,,1030.2936698032509,542.7105140368615,1172.7308733182986,653.2867641340697,417.4388599424526,833.2074422583405,766.0351738082278,825.7107473,1142.744094,795.7239676491174
labeled-data,PMA17_2020-11-16-154227 Cam2,img20598.png,,,1030.2936698032509,533.3396453845556,1163.3600046659926,668.2801539777588,396.8229489073799,825.7107473,771.6576949996112,821.9623998755736,1142.744094,797.5981413795786
labeled-data,PMA17_2020-11-16-154227 Cam2,img20890.png,498.0283303522823,552.0813826891672,,,396.8229489073799,737.6245820048216,408.0679912901469,835.0816159888018,775.4060424605335,825.7107473,1129.624877517692,793.8497939186564
labeled-data,PMA17_2020-11-16-154227 Cam2,img22001.png,,,1013.4261062291004,523.9687767322499,1146.4924410918425,679.5251963605258,402.4454700987634,835.0816159888018,764.1610000777665,814.4657049537291,1131.4990512481531,799.4723151100397
labeled-data,PMA17_2020-11-16-154227 Cam2,img25135.png,,,674.200661,533.3396453845556,805.3928221479119,698.2669336651373,406.1938175596857,836.9557897192628,766.0351738082278,836.9557897192628,1140.869919900459,797.5981413795786
labeled-data,PMA17_2020-11-16-154227 Cam2,img31259.png,492.4058091608989,580.1939886460846,,,372.4586904113849,739.4987557352828,409.942165,835.0816159888018,764.1610000777665,816.3398786841901,1131.4990512481531,799.4723151100397
labeled-data,PMA17_2020-11-16-154227 Cam2,img33034.png,,,,,,,409.942165,835.0816159888018,762.2868263473055,823.8365736060348,1131.4990512481531,801.3464888405009
labeled-data,PMA17_2020-11-16-154227 Cam2,img33504.png,,,,,,,404.31964382922456,835.0816159888018,767.9093475386888,823.8365736060348,1120.2540088653864,797.5981413795786
labeled-data,PMA17_2020-11-16-154227 Cam2,img34265.png,,,,,408.0679912901469,733.8762345438993,398.69712263784106,838.8299634,754.7901314254608,820.0882261451125,1131.4990512481531,797.5981413795786
labeled-data,PMA17_2020-11-16-154227 Cam2,img34353.png,,,1022.796974881406,552.0813826891672,1187.724263161988,675.7768488996035,402.4454700987634,831.3332685278795,754.7901314254608,825.7107473,1131.4990512481531,803.2206625709621
labeled-data,PMA17_2020-11-16-154227 Cam2,img35351.png,484.9091142390543,561.4522513,,,389.3262539855352,739.4987557352828,400.5712963683022,835.0816159888018,764.1610000777665,818.2140524146513,1118.379835134925,801.3464888405009
labeled-data,PMA17_2020-11-16-154227 Cam2,img35557.png,,,,,,,,,786.6510848433005,820.0882261451125,1137.1215724395363,797.5981413795786
labeled-data,PMA17_2020-11-16-154227 Cam2,img37882.png,,,992.8101951940276,497.7303445057937,1159.6116572050703,657.0351115949919,411.8163387510691,835.0816159888018,769.7835212691499,821.9623998755736,1129.624877517692,799.4723151100397
labeled-data,PMA17_2020-11-16-154227 Cam2,img49973.png,1217.7110428493663,441.5051325919591,1019.0486274204836,473.36608600979866,1131.4990512481531,640.1675480208415,409.942165,831.3332685278795,756.6643051559219,840.7041371801852,1124.0023563263085,797.5981413795786
labeled-data,PMA17_2020-11-16-154227 Cam2,img50845.png,,,1034.042017264173,544.5846877673226,1168.9825258573765,698.2669336651373,409.942165,835.0816159888018,766.0351738082278,820.0882261451125,1135.2473987090757,797.5981413795786
labeled-data,PMA17_2020-11-16-154227 Cam2,img53996.png,,,1026.5453223423283,540.8363403064003,1155.8633097441484,675.7768488996035,413.6905124815303,835.0816159888018,767.9093475386888,827.5849210669571,1135.2473987090757,799.4723151100397
labeled-data,PMA17_2020-11-16-154227 Cam2,img63341.png,,,1032.1678435337117,553.9555564196284,1131.4990512481531,703.8894548565208,404.31964382922456,833.2074422583405,771.6576949996112,818.2140524146513,1125.8765300567693,806.9690100318844
labeled-data,PMA17_2020-11-24-122203 Cam2,img013779.png,861.6180340617467,450.8760012442649,722.9291780076211,546.4588614977838,884.1081188272805,670.1543277082201,301.2400886538609,857.5717007543356,659.2072711719419,842.5783109106463,1030.2936698032509,827.5849210669571
labeled-data,PMA17_2020-11-24-122203 Cam2,img017780.png,400.5712963683022,602.6840734116184,205.6572284,548.3330352,260.00826658371545,746.9954506571273,297.49174119293866,850.0750058324909,677.9490084765533,844.4524846411075,1050.9095808383236,823.8365736060348
labeled-data,PMA17_2020-11-24-122203 Cam2,img022334.png,,,940.3333307411152,565.2005988023953,1062.1546232210903,724.5053658915936,297.49174119293866,851.9491795629522,674.200661,844.4524846411075,1032.1678435337117,823.8365736060348
labeled-data,PMA17_2020-11-24-122203 Cam2,img032289.png,1109.0089664826191,493.9819970448714,936.5849832801928,531.4654716540945,1071.5254918733965,703.8894548565208,301.2400886538609,855.6975270238744,655.4589237110196,840.7041371801852,1043.412885916479,825.7107473
labeled-data,PMA17_2020-11-24-122203 Cam2,img034966.png,1120.2540088653864,535.2138191150168,906.5982035928143,565.2005988023953,1028.4194960727896,718.8828447002101,304.9884361147832,846.3266583715687,646.0880550587136,838.8299634,1026.5453223423283,829.4590947974182
labeled-data,PMA17_2020-11-24-122203 Cam2,img039384.png,389.3262539855352,567.0747725328565,185.0413173652693,548.3330352,276.87583015786595,754.4921456,299.3659149233998,848.2008321020298,653.5847499805583,848.2008321020298,1026.5453223423283,827.5849210669571
labeled-data,PMA17_2020-11-24-122203 Cam2,img047810.png,1107.1347927521583,480.8627809316433,910.3465510537368,535.2138191150168,1045.2870596469402,687.0218912823705,299.3659149233998,859.4458744847967,653.5847499805583,842.5783109106463,1024.6711486118677,833.2074422583405
labeled-data,PMA17_2020-11-24-122203 Cam2,img049800.png,1047.161233377401,434.0084376701144,904.7240298623532,537.0879928,1060.280449490629,649.5384166731474,306.8626098452444,851.9491795629522,670.4523135547089,848.2008321020297,1028.4194960727896,829.4590947974182
labeled-data,PMA17_2020-11-24-122203 Cam2,img052205.png,,,,,,,308.73678357570554,851.9491795629522,662.9556186,844.4524846411075,1028.4194960727896,831.3332685278795
labeled-data,PMA17_2020-11-24-122203 Cam2,img053378.png,383.7037327941519,574.5714674547011,,,273.1274826969436,748.8696243875886,295.6175674624775,853.8233532934132,659.2072711719419,848.2008321020298,1030.2936698032509,833.2074422583405
labeled-data,PMA17_2020-11-24-122203 Cam2,img060395.png,383.7037327941519,582.0681623765457,209.4055758612643,546.4588614977838,271.25330896648245,741.3729294657439,301.2400886538609,853.8233532934132,661.0814449,850.0750058324909,1024.6711486118677,833.2074422583405
labeled-data,PMA17_2020-11-24-122203 Cam2,img060847.png,,,930.9624620888096,574.5714674547011,1064.0287969515516,718.8828447002101,306.8626098452444,855.6975270238744,661.0814449,846.3266583715687,1017.1744536900228,823.8365736060348
labeled-data,PMA17_2020-11-24-122203 Cam2,img061161.png,,,921.5915934365038,540.8363403064003,1045.2870596469402,722.6311921611324,303.11426238432205,853.8233532934132,666.7039660937863,850.0750058324909,1022.796974881406,831.3332685278795
labeled-data,PMA17_2020-11-24-122203 Cam2,img062101.png,1137.1215724395363,501.478692,934.7108095497318,529.5912979236334,1034.042017264173,703.8894548565208,286.24669881017167,857.5717007543356,670.4523135547087,836.9557897192628,1019.0486274204836,825.7107473
labeled-data,PMA17_2020-11-24-122203 Cam2,img063200.png,404.31964382922456,587.6906835679292,213.15392332218664,538.9621665759391,278.7500038883271,746.9954506571273,295.6175674624775,844.4524846411075,676.0748347460923,840.7041371801852,1015.3002799595614,827.5849210669571
labeled-data,PMA17_2020-11-24-122203 Cam2,img066403.png,1112.7573139435417,497.7303445057937,923.4657671669648,553.9555564196284,1056.532102029707,702.0152811260597,299.3659149233998,851.9491795629522,664.8297924,836.9557897192628,1035.9161909946342,829.4590947974182
labeled-data,PMA17_2020-11-24-122203 Cam2,img067312.png,,,488.6574616999766,538.9621665759391,655.4589237110196,687.0218912823705,306.8626098452444,848.2008321020298,676.0748347460923,840.7041371801852,1039.6645384555563,820.0882261451125
labeled-data,PMA17_2020-11-24-122203 Cam2,img067714.png,1118.379835134925,473.36608600979866,887.8564662882028,522.0946030017888,1032.1678435337117,688.8960650128315,297.49174119293866,850.0750058324909,655.4589237110196,844.4524846411075,1030.2936698032509,820.0882261451125
labeled-data,PMA17_2020-11-24-122203 Cam2,img069637.png,398.69712263784106,570.8231199937788,218.77644451357003,542.7105140368615,271.25330896648245,756.3663193094332,282.49835134924933,851.9491795629522,653.5847499805583,844.4524846411075,1026.5453223423283,829.4590947974182
labeled-data,PMA17_2020-11-24-122203 Cam2,img077772.png,374.3328641,559.5780776110118,201.90888093941965,540.8363403064003,276.87583015786595,741.3729294657439,291.8692200015552,848.2008321020298,672.3264873,838.8299634,1024.6711486118677,825.7107473
labeled-data,PMA17_2020-11-27-090123 Cam2,img015354.png,,,897.2273349405087,546.4588614977838,1060.280449490629,668.2801539777588,304.9884361147832,840.7041371801852,676.0748347460923,825.7107473,1039.6645384555563,791.9756201881951
labeled-data,PMA17_2020-11-27-090123 Cam2,img019395.png,,,,,1067.7771444124735,662.6576327863754,312.4851310366279,844.4524846411075,679.8231822070146,825.7107473,1039.6645384555563,795.7239676491174
labeled-data,PMA17_2020-11-27-090123 Cam2,img027826.png,419.3130336729138,563.3264250719342,,,273.1274826969436,745.1212769266663,295.6175674624775,835.0816159888018,691.0682245897814,823.8365736060348,1035.9161909946342,795.7239676491174
labeled-data,PMA17_2020-11-27-090123 Cam2,img028530.png,413.6905124815303,568.9489462633177,,,273.1274826969436,743.2471031962051,303.11426238432205,833.2074422583405,691.0682245897814,825.7107473,1041.5387121860176,795.7239676491174
labeled-data,PMA17_2020-11-27-090123 Cam2,img028575.png,,,929.0882883583482,538.9621665759391,1026.5453223423283,696.3927599346762,318.1076522280114,846.3266583715687,679.8231822070146,827.5849210669571,1043.412885916479,795.7239676491174
labeled-data,PMA17_2020-11-27-090123 Cam2,img033374.png,379.9553853332295,568.9489462633177,,,291.8692200015552,743.2471031962051,299.3659149233998,838.8299634,676.0748347460923,818.2140524146513,1039.6645384555563,795.7239676491174
labeled-data,PMA17_2020-11-27-090123 Cam2,img043143.png,,,944.0816782020376,553.9555564196284,1058.4062757601682,692.6444124737538,331.2268683412394,844.4524846411075,685.4457034,823.8365736060348,1039.6645384555563,791.9756201881951
labeled-data,PMA17_2020-11-27-090123 Cam2,img045963.png,1129.624877517692,512.7237343494829,923.4657671669648,522.0946030017888,1035.9161909946342,696.3927599346762,303.11426238432205,833.2074422583405,685.4457034,821.9623998755736,1039.6645384555563,799.4723151100397
labeled-data,PMA17_2020-11-27-090123 Cam2,img046475.png,411.8163387510691,527.7171241931723,194.41218601757495,555.8297301500895,329.35269461077826,718.8828447002101,312.4851310366279,838.8299634,683.5715296679367,820.0882261451125,1037.7903647250955,801.3464888405009
labeled-data,PMA17_2020-11-27-090123 Cam2,img047360.png,408.0679912901469,580.1939886460846,209.4055758612643,522.0946030017888,282.49835134924933,750.7437981180497,312.4851310366279,836.9557897192628,683.5715296679367,827.5849210669571,1049.0354071078625,793.8497939186564
labeled-data,PMA17_2020-11-27-090123 Cam2,img052903.png,,,,,,,318.1076522280114,840.7041371801853,687.3198771,823.8365736060348,1039.6645384555563,803.2206625709621
labeled-data,PMA17_2020-11-27-090123 Cam2,img056645.png,,,,,,,,,,,,
labeled-data,PMA17_2020-11-27-090123 Cam2,img081045.png,809.1411696088343,540.8363403064003,563.6244109184228,531.4654716540945,672.3264873,705.7636286,314.35930476708904,844.4524846411075,691.0682245897814,823.8365736060348,1050.9095808383236,797.5981413795786
labeled-data,PMA17_2020-11-27-090123 Cam2,img087668.png,1124.0023563263085,501.478692,923.4657671669648,501.478692,1017.1744536900228,668.2801539777588,321.8559996889337,835.0816159888018,676.0748347460923,816.3398786841901,1030.2936698032509,788.2272727272727
labeled-data,PMA17_2020-11-27-090123 Cam2,img095409.png,408.0679912901469,567.0747725328565,228.14731316587583,544.5846877673226,271.25330896648245,733.8762345438993,318.1076522280114,835.0816159888018,679.8231822070146,820.0882261451125,1049.0354071078625,790.1014465
labeled-data,PMA17_2020-11-27-090123 Cam2,img095882.png,,,,,,,312.4851310366279,833.2074422583405,687.3198771,812.5915312232678,1054.6579282992457,786.3530989968117
labeled-data,PMA17_2020-11-27-090123 Cam2,img098032.png,1122.1281825958472,510.8495606190219,914.0948985146592,512.7237343494829,1041.5387121860176,683.2735438214481,321.8559996889337,835.0816159888018,672.3264872851697,827.5849210669571,1039.6645384555563,795.7239676491174
labeled-data,PMA17_2020-11-27-090123 Cam2,img102711.png,,,,,696.6907458,709.5119760479042,323.7301734193948,838.8299634,668.5781398242476,827.5849210669571,1054.6579282992457,801.3464888405009
labeled-data,PMA17_2020-11-27-090123 Cam2,img104640.png,807.2669958783732,493.9819970448714,584.2403219534955,507.10121315809954,694.8165720507037,694.5185862042151,323.7301734193948,840.7041371801852,676.0748347460923,814.4657049537291,1045.2870596469402,801.3464888405009
labeled-data,PMA17_2020-11-27-090123 Cam2,img112677.png,,,,,,,331.2268683412394,831.3332685278795,677.9490084765533,816.3398786841901,1037.7903647250955,801.3464888405009
labeled-data,PMA17_2020-12-02-102317 Cam2,img014436.png,,,,,,,321.8559996889337,835.0816159888018,681.6973559374757,846.3266583715687,1054.6579282992457,840.7041371801852
labeled-data,PMA17_2020-12-02-102317 Cam2,img016186.png,839.1279492962127,514.5979080799441,,,696.6907458,707.6378023174432,310.6109573061667,840.7041371801852,689.1940508593203,844.4524846411075,1045.2870596469402,835.0816159888018
labeled-data,PMA17_2020-12-02-102317 Cam2,img023196.png,406.1938175596857,555.8297301500895,,,321.8559996889337,720.7570184306712,323.7301734193948,835.0816159888018,681.6973559374757,835.0816159888018,1047.161233377401,829.4590947974182
labeled-data,PMA17_2020-12-02-102317 Cam2,img024058.png,408.0679912901469,578.3198149156234,,,299.3659149233998,730.1278870829769,304.9884361147832,836.9557897192628,687.3198771,842.5783109106463,1043.412885916479,829.4590947974182
labeled-data,PMA17_2020-12-02-102317 Cam2,img025538.png,,,,,1037.7903647250955,739.4987557352828,310.6109573061667,833.2074422583405,672.3264873,833.2074422583405,1028.4194960727896,836.9557897192628
labeled-data,PMA17_2020-12-02-102317 Cam2,img029578.png,432.4322497861418,587.6906835679292,,,282.49835134924933,711.3861497783655,318.1076522280114,838.8299634,683.5715296679367,844.4524846411075,1045.2870596469402,836.9557897192628
labeled-data,PMA17_2020-12-02-102317 Cam2,img034937.png,423.0613811338361,585.8165098374681,,,297.49174119293866,733.8762345438993,293.7433937320164,831.3332685278795,683.5715296679367,844.4524846411075,1039.6645384555563,835.0816159888018
labeled-data,PMA17_2020-12-02-102317 Cam2,img040235.png,,,,,,,325.6043471498559,833.2074422583405,679.8231822070146,838.8299634,1060.280449490629,842.5783109106463
labeled-data,PMA17_2020-12-02-102317 Cam2,img042752.png,1170.8566995878373,576.4456411851622,,,1037.7903647250955,732.0020608134382,312.4851310366279,831.3332685278795,674.200661,842.5783109106463,1041.5387121860176,838.8299634
labeled-data,PMA17_2020-12-02-102317 Cam2,img049301.png,,,,,664.8297923633253,544.5846877673226,323.7301734193948,840.7041371801852,676.0748347460923,836.9557897192628,1045.2870596469402,836.9557897192628
labeled-data,PMA17_2020-12-02-102317 Cam2,img059046.png,,,977.8168053503384,595.1873784897739,,,323.7301734193948,842.5783109106463,672.3264873,835.0816159888018,1028.4194960727896,833.2074422583405
labeled-data,PMA17_2020-12-02-102317 Cam2,img061412.png,406.1938175596857,585.8165098374681,,,286.24669881017167,722.6311921611324,325.6043471498559,836.9557897192628,689.1940508593203,838.8299634,1035.9161909946342,844.4524846411075
labeled-data,PMA17_2020-12-02-102317 Cam2,img078279.png,,,,,1101.5122715607745,621.4258107,323.7301734193948,842.5783109106463,677.9490084765533,836.9557897192628,1041.5387121860176,833.2074422583405
labeled-data,PMA17_2020-12-02-102317 Cam2,img081418.png,1167.1083521269152,563.3264250719342,,,1043.412885916479,737.6245820048216,319.98182595847254,842.5783109106463,672.3264873,842.5783109106463,1035.9161909946342,846.3266583715688
labeled-data,PMA17_2020-12-02-102317 Cam2,img087356.png,408.0679912901469,589.5648572983903,,,299.3659149233998,718.8828447002101,319.98182595847254,833.2074422583405,696.6907458,838.8299634,1052.7837545687848,838.8299634
labeled-data,PMA17_2020-12-02-102317 Cam2,img087520.png,,,599.2337117971848,527.7171241931723,704.1874407030094,696.3927599346762,318.1076522280114,838.8299634,689.1940508593203,844.4524846411075,1050.9095808383236,846.3266583715687
labeled-data,PMA17_2020-12-02-102317 Cam2,img093732.png,441.80311843844765,582.0681623765457,275.0016564274048,722.6311921611324,1039.6645384555563,842.5783109106463,679.8231822070146,833.2074422583405,,,314.35930476708904,833.2074422583405
labeled-data,PMA17_2020-12-02-102317 Cam2,img095343.png,,,,,,,329.35269461077826,836.9557897192628,694.8165720507037,844.4524846411075,1052.7837545687848,844.4524846411075
labeled-data,PMA17_2020-12-02-102317 Cam2,img096680.png,1152.1149622832263,561.4522513414729,975.9426316198771,557.7039038805507,1054.6579282992457,732.0020608134382,321.8559996889337,831.3332685278795,679.8231822070146,850.0750058324909,1052.7837545687848,836.9557897192628
labeled-data,PMA17_2020-12-02-102317 Cam2,img096909.png,426.8097285947584,580.1939886460846,,,306.8626098452444,743.2471031962051,319.98182595847254,827.5849210669571,676.0748347460923,846.3266583715687,1049.0354071078625,835.0816159888018
labeled-data,PMA17_2020-12-07-113957 Cam2,img013764.png,522.3925888482773,469.6177385488765,329.35269461077826,383.40574694766326,404.31964382922456,645.7900692,361.213648,821.9623998755736,724.8033517380824,831.3332685278795,1094.0155766389305,825.7107473
labeled-data,PMA17_2020-12-07-113957 Cam2,img015095.png,,,,,,,359.3394742981568,827.5849210669571,711.6841356248541,821.9623998755736,1075.2738393343184,814.4657049537291
labeled-data,PMA17_2020-12-07-113957 Cam2,img017055.png,,,970.3201104284936,516.4720818104053,1182.1017419706045,698.2669336651373,351.84277937631214,825.7107473,709.8099619,829.4590947974182,1073.3996656038576,818.2140524146513
labeled-data,PMA17_2020-12-07-113957 Cam2,img026519.png,438.0547709775253,568.9489462633177,,,338.7235632630841,733.8762345438993,353.7169531067733,818.2140524146513,713.5583093553154,818.2140524146513,1082.770534256163,820.0882261451125
labeled-data,PMA17_2020-12-07-113957 Cam2,img030586.png,,,,,694.8165720507037,649.5384166731474,342.4719107240064,823.8365736060348,719.1808305466988,827.5849210669571,1084.6447079866243,821.9623998755736
labeled-data,PMA17_2020-12-07-113957 Cam2,img031171.png,,,,,359.3394742981568,700.1411073955985,368.7103429504625,818.2140524146513,711.6841356248541,821.9623998755736,1065.902970682013,803.2206625709621
labeled-data,PMA17_2020-12-07-113957 Cam2,img033246.png,,,1011.5519324986392,604.5582471420796,1122.1281825958472,690.7702387432928,353.7169531067733,814.4657049537291,715.4324830857764,820.0882261451125,1073.3996656038576,814.4657049537291
labeled-data,PMA17_2020-12-07-113957 Cam2,img036669.png,,,,,1082.770534256163,715.1344972392878,351.84277937631214,821.9623998755736,700.4390932420873,829.4590947974182,1079.022186795241,825.7107473
labeled-data,PMA17_2020-12-07-113957 Cam2,img043442.png,,,,,,,351.84277937631214,825.7107473,704.1874407030094,825.7107473,1065.902970682013,825.7107473
labeled-data,PMA17_2020-12-07-113957 Cam2,img048731.png,434.3064235,576.4456411851622,,,316.2334784975502,722.6311921611324,342.4719107240064,827.5849210669571,713.5583093553154,833.2074422583405,1082.770534256163,821.9623998755736
labeled-data,PMA17_2020-12-07-113957 Cam2,img057309.png,,,,,,,355.59112683723447,810.7173574928067,722.9291780076211,821.9623998755736,1080.8963605257018,818.2140524146513
labeled-data,PMA17_2020-12-07-113957 Cam2,img063605.png,,,,,,,355.59112683723447,814.4657049537291,715.4324830857764,818.2140524146513,1075.2738393343184,816.3398786841901
labeled-data,PMA17_2020-12-07-113957 Cam2,img064492.png,,,,,,,344.3460844544676,814.4657049537291,715.4324830857764,814.4657049537291,1080.8963605257018,820.0882261451125
labeled-data,PMA17_2020-12-07-113957 Cam2,img066957.png,,,,,318.1076522280114,718.8828447002101,353.7169531067733,820.0882261451125,724.8033517380824,820.0882261451125,1079.022186795241,812.5915312232678
labeled-data,PMA17_2020-12-07-113957 Cam2,img070956.png,432.4322497861418,555.8297301500895,,,323.7301734193948,713.2603235088266,353.7169531067733,812.5915312232678,713.5583093553154,812.5915312232678,1088.3930554475464,808.8431837623455
labeled-data,PMA17_2020-12-07-113957 Cam2,img077255.png,,,,,,,340.59773699354525,816.3398786841901,707.9357881639318,820.0882261451125,1082.770534256163,814.4657049537291
labeled-data,PMA17_2020-12-07-113957 Cam2,img082290.png,,,,,,,346.22025818492864,816.3398786841901,711.6841356248541,808.8431837623455,1080.8963605257018,810.7173574928067
labeled-data,PMA17_2020-12-07-113957 Cam2,img085279.png,679.8231822070146,572.6972937242399,462.4190294735204,463.99521735749295,,,351.84277937631214,810.7173574928067,728.5516991990045,820.0882261451125,1082.770534256163,805.0948363014232
labeled-data,PMA17_2020-12-07-113957 Cam2,img090480.png,1189.5984368924492,520.2204292713276,,,1069.651318142935,709.5119760479042,340.59773699354525,823.8365736060348,717.3066568162377,818.2140524146513,1073.3996656038576,816.3398786841901
labeled-data,PMA17_2020-12-07-113957 Cam2,img091999.png,,,,,1129.624877517692,688.8960650128315,338.7235632630841,812.5915312232678,721.0550043,818.2140524146514,1062.1546232210903,814.4657049537291
labeled-data,PMA17_2020-12-08-103710 Cam2,img016461.png,,,256.25991912279324,527.7171241931723,378.0812116027684,713.2603235088266,346.22025818492864,816.3398786841901,709.8099619,820.0882261451125,1073.3996656038576,829.4590947974182
labeled-data,PMA17_2020-12-08-103710 Cam2,img021624.png,,,,,1157.7374834746092,604.5582471420796,364.9619954895403,810.7173574928067,702.3132669725484,814.4657049537291,1082.770534256163,814.4657049537291
labeled-data,PMA17_2020-12-08-103710 Cam2,img024383.png,,,,,348.0944319153898,732.0020608134382,338.7235632630841,820.0882261451125,704.1874407030094,833.2074422583405,1082.770534256163,814.4657049537291
labeled-data,PMA17_2020-12-08-103710 Cam2,img025496.png,,,989.0618477331052,542.7105140368615,1109.0089664826191,707.6378023174432,336.8493895326229,812.5915312232678,711.6841356248541,818.2140524146513,1084.6447079866243,806.9690100318844
labeled-data,PMA17_2020-12-08-103710 Cam2,img030180.png,,,,,,,359.3394742981568,821.9623998755736,704.1874407030094,820.0882261451125,1067.7771444124735,812.5915312232678
labeled-data,PMA17_2020-12-08-103710 Cam2,img033522.png,,,,,,,342.4719107240064,820.0882261451125,707.9357881639318,818.2140524146513,1062.1546232210903,821.9623998755736
labeled-data,PMA17_2020-12-08-103710 Cam2,img035504.png,443.6772921689088,540.8363403064003,,,346.22025818492864,724.5053658915936,353.7169531067733,814.4657049537291,704.1874407030094,810.7173574928067,1067.7771444124735,808.8431837623455
labeled-data,PMA17_2020-12-08-103710 Cam2,img042204.png,556.1277159965781,529.5912979236334,,,372.4586904113849,651.4125904036084,351.84277937631214,818.2140524146513,715.4324830857764,814.4657049537291,1073.3996656038576,812.5915312232678
labeled-data,PMA17_2020-12-08-103710 Cam2,img051017.png,,,,,1079.022186795241,726.3795396220547,351.84277937631214,812.5915312232678,704.1874407030094,818.2140524146513,1073.3996656038576,814.4657049537291
labeled-data,PMA17_2020-12-08-103710 Cam2,img054049.png,,,,,1069.651318142935,718.8828447002101,349.96860564585097,818.2140524146513,715.4324830857764,823.8365736060348,1073.3996656038576,823.8365736060348
labeled-data,PMA17_2020-12-08-103710 Cam2,img060269.png,,,,,1073.3996656038576,726.3795396220547,353.7169531067733,818.2140524146513,715.4324830857764,814.4657049537291,1064.0287969515516,820.0882261451125
labeled-data,PMA17_2020-12-08-103710 Cam2,img066424.png,,,,,1064.0287969515512,722.6311921611324,348.0944319153898,818.2140524146513,715.4324830857764,823.8365736060348,1071.5254918733965,820.0882261451125
labeled-data,PMA17_2020-12-08-103710 Cam2,img066588.png,441.80311843844765,559.5780776110118,,,338.7235632630841,728.2537133525159,338.7235632630841,814.4657049537291,717.3066568162377,818.2140524146513,1071.5254918733965,814.4657049537291
labeled-data,PMA17_2020-12-08-103710 Cam2,img068449.png,1168.9825258573765,553.9555564196284,,,1069.651318142935,709.5119760479042,340.59773699354525,818.2140524146513,707.9357881639318,829.4590947974182,1073.3996656038576,812.5915312232678
labeled-data,PMA17_2020-12-08-103710 Cam2,img071056.png,,,,,,,340.59773699354525,823.8365736060348,704.1874407030094,823.8365736060348,1077.1480130647797,818.2140524146513
labeled-data,PMA17_2020-12-08-103710 Cam2,img072957.png,,,,,1065.902970682013,711.3861497783655,346.22025818492864,816.3398786841901,696.6907458,820.0882261451125,1064.0287969515516,806.9690100318844
labeled-data,PMA17_2020-12-08-103710 Cam2,img085779.png,,,,,1062.1546232210903,722.6311921611324,355.59112683723447,818.2140524146513,704.1874407030094,814.4657049537291,1069.651318142935,810.7173574928067
labeled-data,PMA17_2020-12-08-103710 Cam2,img087369.png,,,966.5717629675712,510.8495606190219,1082.770534256163,636.4192005599192,346.22025818492864,821.9623998755736,719.1808305466988,814.4657049537291,1079.022186795241,818.2140524146513
labeled-data,PMA17_2020-12-08-103710 Cam2,img093987.png,814.7636908002177,507.10121315809954,,,668.5781398242476,655.1609378645308,338.7235632630841,814.4657049537291,707.9357881639318,823.8365736060348,1079.022186795241,814.4657049537291
labeled-data,PMA17_2020-12-08-103710 Cam2,img096034.png,434.3064235,544.5846877673226,,,327.4785208803171,717.0086709697489,357.46530056769564,816.3398786841901,704.1874407030094,818.2140524146513,1082.770534256163,820.0882261451125
labeled-data,PMA18_2020-11-16-102234 Cam2,img15636.png,,,1017.1744536900228,525.8429504627111,1163.3600046659926,685.1477175519093,406.1938175596857,836.9557897192628,769.7835212691499,825.7107473,1120.2540088653864,793.8497939186564
labeled-data,PMA18_2020-11-16-102234 Cam2,img16303.png,889.7306400186641,538.9621665759391,672.3264873,443.3793063224202,739.7967415817715,649.5384166731474,408.0679912901469,836.9557897192628,754.7901314254608,814.4657049537291,1125.8765300567698,803.2206625709621
labeled-data,PMA18_2020-11-16-102234 Cam2,img21016.png,,,278.7500038883271,557.7039038805507,432.4322497861418,722.6311921611324,396.8229489073799,840.7041371801852,762.2868263473055,820.0882261451125,1122.1281825958472,805.0948363014232
labeled-data,PMA18_2020-11-16-102234 Cam2,img22814.png,672.3264873,546.4588614977838,,,417.4388599424526,638.2933742903804,411.8163387510692,844.4524846411075,771.6576949996112,814.4657049537291,1124.0023563263085,791.9756201881951
labeled-data,PMA18_2020-11-16-102234 Cam2,img27900.png,499.90250408274346,542.7105140368615,293.7433937320164,527.7171241931723,402.4454700987634,733.8762345438993,411.8163387510691,831.3332685278795,767.9093475386888,825.7107473,1135.2473987090757,795.7239676491174
labeled-data,PMA18_2020-11-16-102234 Cam2,img35145.png,,,992.8101951940276,493.9819970448714,1135.2473987090757,668.2801539777588,408.0679912901469,827.5849210669571,760.4126526168442,818.2140524146513,1137.1215724395363,791.9756201881951
labeled-data,PMA18_2020-11-16-102234 Cam2,img36125.png,,,1032.1678435337117,542.7105140368615,1168.9825258573765,681.3993701,413.6905124815303,833.2074422583405,764.1610000777665,816.3398786841901,1138.9957461699978,799.4723151100397
labeled-data,PMA18_2020-11-16-102234 Cam2,img41278.png,829.7570806,516.4720818104053,634.8430126759469,499.6045182362549,722.9291780076211,700.1411073955985,408.0679912901469,833.2074422583405,777.2802161909946,825.7107473,1125.8765300567698,795.7239676491174
labeled-data,PMA18_2020-11-16-102234 Cam2,img41904.png,647.9622287891749,419.0150478264252,,,505.52502527412696,615.8032895248466,409.942165,840.7041371801852,764.1610000777665,820.0882261451125,1122.1281825958472,801.3464888405009
labeled-data,PMA18_2020-11-16-102234 Cam2,img44572.png,505.52502527412696,559.5780776110118,,,385.5779065,735.7504082743606,413.6905124815303,833.2074422583405,767.9093475386888,820.0882261451125,1129.624877517692,795.7239676491174
labeled-data,PMA18_2020-11-16-102234 Cam2,img44874.png,,,666.7039660937863,507.10121315809954,767.9093475386888,698.2669336651373,393.0746014464576,831.3332685278795,779.1543899214558,816.3398786841901,1124.0023563263085,795.7239676491174
labeled-data,PMA18_2020-11-16-102234 Cam2,img44986.png,462.4190294735204,527.7171241931723,,,361.213648,621.4258107,398.69712263784106,836.9557897192628,771.6576949996112,820.0882261451125,1133.3732249786144,799.4723151100397
labeled-data,PMA18_2020-11-16-102234 Cam2,img45136.png,468.0415506649039,533.3396453845556,,,344.3460844544676,673.9026751691424,408.0679912901469,833.2074422583405,773.5318687300722,820.0882261451125,1112.7573139435417,808.8431837623455
labeled-data,PMA18_2020-11-16-102234 Cam2,img47274.png,,,1011.5519324986392,527.7171241931723,1165.234178396454,677.6510226300646,408.0679912901469,831.3332685278795,764.1610000777665,823.8365736060348,1125.8765300567698,793.8497939186564
labeled-data,PMA18_2020-11-16-102234 Cam2,img49481.png,747.2934365036161,508.9753868885607,,,692.9423983202427,700.1411073955985,396.8229489073799,831.3332685278795,752.9159576949995,818.2140524146513,1127.750703787231,795.7239676491174
labeled-data,PMA18_2020-11-16-102234 Cam2,img49808.png,,,1032.1678435337117,467.7435648184153,1152.114962283226,647.6642429426861,413.6905124815303,838.8299634,762.2868263473055,812.5915312232678,1120.2540088653864,797.5981413795786
labeled-data,PMA18_2020-11-16-102234 Cam2,img50689.png,674.200661,522.0946030017888,,,449.2998133602923,632.6708531,402.4454700987634,821.9623998755736,766.0351738082278,818.2140524146513,1127.750703787231,799.4723151100397
labeled-data,PMA18_2020-11-16-102234 Cam2,img51264.png,486.7832879695154,585.8165098374681,,,355.59112683723447,668.2801539777588,402.4454700987634,827.5849210669571,771.6576949996112,820.0882261451125,1127.750703787231,797.5981413795786
labeled-data,PMA18_2020-11-16-102234 Cam2,img62059.png,,,,,,,415.5646862119914,836.9557897192628,779.1543899214558,820.0882261451125,1135.2473987090757,803.2206625709621
labeled-data,PMA18_2020-11-16-102234 Cam2,img64425.png,,,1015.3002799595614,486.4853021230268,1133.3732249786144,640.1675480208415,411.8163387510691,836.9557897192628,769.7835212691499,821.9623998755736,1122.1281825958472,801.3464888405009
labeled-data,PMA18_2020-11-23-132359 Cam2,img10522.png,,,932.8366358192706,535.2138191150168,1041.5387121860176,698.2669336651373,310.6109573061667,855.6975270238744,661.0814449,844.4524846411075,1034.042017264173,823.8365736060348
labeled-data,PMA18_2020-11-23-132359 Cam2,img15513.png,,,535.5118049615054,533.3396453845556,653.5847499805583,730.1278870829769,303.11426238432205,851.9491795629522,676.0748347460923,836.9557897192628,1035.9161909946342,823.8365736060348
labeled-data,PMA18_2020-11-23-132359 Cam2,img17124.png,713.5583093553154,567.0747725328565,513.0217201959716,570.8231199937788,623.5979702931799,771.3597091531224,289.9950463,855.6975270238744,657.3330974414806,835.0816159888018,1017.1744536900228,825.7107473
labeled-data,PMA18_2020-11-23-132359 Cam2,img17855.png,702.3132669725484,501.478692,492.4058091608989,505.2270394276384,,,297.49174119293866,850.0750058324909,662.9556186,835.0816159888018,1019.048627420484,820.0882261451125
labeled-data,PMA18_2020-11-23-132359 Cam2,img20048.png,1099.6380978303137,505.2270394276384,914.0948985146592,553.9555564196284,,,295.6175674624775,848.2008321020298,672.3264873,838.8299634,1022.796974881406,818.2140524146513
labeled-data,PMA18_2020-11-23-132359 Cam2,img20669.png,,,,,,,297.49174119293866,855.6975270238744,659.2072711719419,842.5783109106463,1020.922801150945,827.5849210669571
labeled-data,PMA18_2020-11-23-132359 Cam2,img26151.png,822.2603857220623,520.2204292713276,,,640.4655338673302,668.2801539777588,280.62417761878817,853.8233532934132,653.5847499805583,836.9557897192628,1028.4194960727896,820.0882261451125
labeled-data,PMA18_2020-11-23-132359 Cam2,img29338.png,775.4060424605335,568.9489462633177,,,647.9622287891749,720.7570184306712,297.49174119293866,850.0750058324909,657.3330974414806,838.8299634,1022.796974881406,820.0882261451125
labeled-data,PMA18_2020-11-23-132359 Cam2,img32837.png,749.1676102340772,570.8231199937788,559.8760634575004,507.10121315809954,631.0946652150245,733.8762345438993,304.9884361147832,842.5783109106463,657.3330974414806,835.0816159888018,1034.042017264173,827.5849210669571
labeled-data,PMA18_2020-11-23-132359 Cam2,img38324.png,,,,,,,306.8626098452444,853.8233532934132,659.2072711719419,846.3266583715687,1026.5453223423283,829.4590947974182
labeled-data,PMA18_2020-11-23-132359 Cam2,img38616.png,376.2070378723072,565.2005988023953,183.1671436348081,548.3330352,276.87583015786595,743.2471031962051,304.9884361147832,850.0750058324909,674.200661,848.2008321020298,1028.4194960727896,820.0882261451125
labeled-data,PMA18_2020-11-23-132359 Cam2,img42767.png,,,899.1015086709698,570.8231199937788,1056.532102029707,711.3861497783655,297.49174119293866,853.8233532934132,655.4589237110196,846.3266583715687,1030.2936698032509,829.4590947974182
labeled-data,PMA18_2020-11-23-132359 Cam2,img46277.png,378.0812116027684,583.9423361070069,186.91549109573043,570.8231199937788,301.2400886538609,745.1212769266663,299.3659149233998,851.9491795629522,662.9556186,835.0816159888018,1024.6711486118677,823.8365736060348
labeled-data,PMA18_2020-11-23-132359 Cam2,img48328.png,,,889.7306400186641,540.8363403064003,1034.042017264173,679.5251963605258,299.3659149233998,850.0750058324909,651.7105762500972,850.0750058324909,1026.5453223423283,827.5849210669571
labeled-data,PMA18_2020-11-23-132359 Cam2,img49753.png,376.2070378723072,570.8231199937788,,,280.62417761878817,743.2471031962051,297.49174119293866,855.6975270238744,662.9556186,833.2074422583405,1019.0486274204836,823.8365736060348
labeled-data,PMA18_2020-11-23-132359 Cam2,img55769.png,734.1742203903881,565.2005988023953,507.3991990045881,499.6045182362549,623.5979702931799,711.3861497783655,288.12087254063283,846.3266583715687,662.9556186,842.5783109106463,1030.2936698032509,821.9623998755736
labeled-data,PMA18_2020-11-23-132359 Cam2,img56070.png,383.7037327941519,550.2072089587061,,,269.3791352360213,700.1411073955985,301.2400886538609,844.4524846411075,666.7039660937863,851.9491795629522,1032.1678435337117,829.4590947974182
labeled-data,PMA18_2020-11-23-132359 Cam2,img57543.png,323.7301734193948,555.8297301500895,,,233.76983435725936,724.5053658915936,291.8692200015552,848.2008321020298,651.7105762500972,835.0816159888018,1035.9161909946342,821.9623998755736
labeled-data,PMA18_2020-11-23-132359 Cam2,img58741.png,,,198.1605334784973,574.5714674547011,329.35269461077826,737.6245820048216,297.49174119293866,853.8233532934132,661.0814449,838.8299634,1024.6711486118677,827.5849210669571
labeled-data,PMA18_2020-11-23-132359 Cam2,img59586.png,,,168.17375379111888,589.5648572983903,316.2334784975502,732.0020608134382,304.9884361147832,846.3266583715687,668.5781398242476,853.8233532934132,1024.6711486118677,825.7107473
labeled-data,PMA18_2020-12-01-135256 Cam2,img013576.png,1137.1215724395363,531.4654716540945,919.7174197060424,522.0946030017888,1041.5387121860176,718.8828447002101,314.35930476708904,840.7041371801852,659.2072711719419,844.4524846411075,1034.042017264173,848.2008321020298
labeled-data,PMA18_2020-12-01-135256 Cam2,img014347.png,,,194.41218601757495,553.9555564196284,334.97521580216176,728.2537133525159,303.11426238432205,836.9557897192628,674.200661,846.3266583715687,1039.6645384555563,838.8299634
labeled-data,PMA18_2020-12-01-135256 Cam2,img017897.png,,,936.5849832801928,572.6972937242399,1045.2870596469402,733.8762345438993,297.49174119293866,836.9557897192628,651.7105762500972,842.5783109106463,1028.4194960727896,840.7041371801852
labeled-data,PMA18_2020-12-01-135256 Cam2,img020772.png,445.5514659,525.8429504627111,198.1605334784973,540.8363403064003,342.4719107240064,732.0020608134382,314.35930476708904,842.5783109106463,666.7039660937863,848.2008321020298,1034.042017264173,848.2008321020298
labeled-data,PMA18_2020-12-01-135256 Cam2,img022240.png,398.69712263784106,559.5780776110118,196.28635974803612,546.4588614977838,308.73678357570554,743.2471031962051,306.8626098452444,831.3332685278795,668.5781398242476,846.3266583715687,1013.4261062291004,840.7041371801852
labeled-data,PMA18_2020-12-01-135256 Cam2,img023865.png,400.5712963683022,531.4654716540945,201.90888093941965,544.5846877673226,327.4785208803171,735.7504082743606,312.4851310366279,831.3332685278795,676.0748347460923,850.0750058324909,1041.5387121860176,838.8299634
labeled-data,PMA18_2020-12-01-135256 Cam2,img024707.png,456.79650828213687,604.5582471420796,,,301.2400886538609,700.1411073955985,304.9884361147832,846.3266583715687,670.4523135547087,844.4524846411075,1019.0486274204836,844.4524846411075
labeled-data,PMA18_2020-12-01-135256 Cam2,img027547.png,391.2004277159964,568.9489462633177,,,297.49174119293866,733.8762345438993,301.2400886538609,840.7041371801852,676.0748347460923,848.2008321020298,1030.2936698032509,844.4524846411075
labeled-data,PMA18_2020-12-01-135256 Cam2,img030093.png,792.2736060346839,555.8297301500895,,,647.9622287891749,761.9888405008167,295.6175674624775,838.8299634,666.7039660937863,848.2008321020298,1030.2936698032509,850.0750058324909
labeled-data,PMA18_2020-12-01-135256 Cam2,img032232.png,426.8097285947584,533.3396453845556,203.7830546698808,565.2005988023953,327.4785208803171,730.1278870829769,304.9884361147832,835.0816159888018,668.5781398242476,850.0750058324909,1028.4194960727896,848.2008321020297
labeled-data,PMA18_2020-12-01-135256 Cam2,img034211.png,1135.2473987090757,535.2138191150168,919.7174197060424,550.2072089587061,1022.796974881406,709.5119760479042,293.7433937320164,831.3332685278795,655.4589237110196,853.8233532934132,1028.4194960727896,838.8299634
labeled-data,PMA18_2020-12-01-135256 Cam2,img034955.png,,,,,,,291.8692200015552,836.9557897192628,657.3330974414806,842.5783109106463,1019.0486274204836,836.9557897192628
labeled-data,PMA18_2020-12-01-135256 Cam2,img035895.png,381.8295590636907,602.6840734116184,243.14070300956507,709.5119760479042,1020.922801150945,842.5783109106463,664.8297923633253,844.4524846411075,,,301.2400886538609,833.2074422583405
labeled-data,PMA18_2020-12-01-135256 Cam2,img039531.png,,,930.9624620888096,563.3264250719342,1075.2738393343184,724.5053658915936,299.3659149233998,838.8299634,657.3330974414806,844.4524846411075,1017.1744536900228,836.9557897192628
labeled-data,PMA18_2020-12-01-135256 Cam2,img040749.png,,,179.41879617388577,555.8297301500895,327.4785208803171,726.3795396220547,301.2400886538609,831.3332685278795,666.7039660937863,840.7041371801852,1034.042017264173,838.8299634
labeled-data,PMA18_2020-12-01-135256 Cam2,img043395.png,,,1000.3068901158724,561.4522513,,,297.49174119293866,836.9557897192628,657.3330974414806,840.7041371801852,1024.6711486118677,844.4524846411075
labeled-data,PMA18_2020-12-01-135256 Cam2,img044077.png,,,947.8300257,580.1939886460846,1077.1480130647797,743.2471031962051,301.2400886538609,838.8299634,666.7039660937863,851.9491795629522,1037.7903647250955,842.5783109106463
labeled-data,PMA18_2020-12-01-135256 Cam2,img045973.png,389.3262539855352,565.2005988023953,,,256.25991912279324,681.3993701,295.6175674624775,833.2074422583405,655.4589237110196,838.8299634,1026.5453223423283,842.5783109106463
labeled-data,PMA18_2020-12-01-135256 Cam2,img046960.png,,,,,,,,,,,,
labeled-data,PMA18_2020-12-01-135256 Cam2,img050082.png,,,,,,,,,,,,
labeled-data,PMA18_2020-12-01-135256 Cam2,img050095.png,1120.2540088653864,537.0879928,,,1007.803585037717,730.1278870829769,299.3659149233998,842.5783109106463,651.7105762500972,846.3266583715687,1020.922801150945,844.4524846411075
labeled-data,PMA18_2020-12-01-135256 Cam2,img050204.png,385.5779065,595.1873784897739,,,252.5115716618709,735.7504082743606,303.11426238432205,835.0816159888018,659.2072711719419,848.2008321020298,1017.1744536900228,833.2074422583405
labeled-data,PMA18_2020-12-01-135256 Cam2,img052577.png,353.7169531067733,525.8429504627111,,,218.77644451357003,662.6576327863754,297.49174119293866,846.3266583715687,666.7039660937863,835.0816159888018,1017.1744536900228,836.9557897192628
labeled-data,PMA18_2020-12-01-135256 Cam2,img052733.png,1137.1215724395363,529.5912979236334,932.8366358192706,512.7237343494829,1026.5453223423283,696.3927599346762,288.12087254063283,840.7041371801852,653.5847499805583,836.9557897192628,1019.0486274204836,838.8299634
labeled-data,PMA18_2020-12-01-135256 Cam2,img055995.png,393.0746014464576,550.2072089587061,185.0413173652693,553.9555564196284,308.73678357570554,724.5053658915936,293.7433937320164,831.3332685278795,657.3330974414806,838.8299634,1019.0486274204836,836.9557897192628
labeled-data,PMA18_2020-12-01-135256 Cam2,img061157.png,,,947.8300257,550.2072089587061,1043.412885916479,733.8762345438993,301.2400886538609,838.8299634,655.4589237110196,846.3266583715687,1024.6711486118677,838.8299634
labeled-data,PMA18_2020-12-01-135256 Cam2,img064917.png,344.3460844544676,563.3264250719342,,,239.39235554864277,688.8960650128315,295.6175674624775,840.7041371801852,655.4589237110196,844.4524846411075,1026.5453223423283,842.5783109106463
labeled-data,PMA18_2020-12-01-135256 Cam2,img065170.png,,,185.0413173652693,544.5846877673226,314.35930476708904,722.6311921611324,297.49174119293866,842.5783109106463,666.7039660937863,850.0750058324909,1022.796974881406,844.4524846411075
labeled-data,PMA18_2020-12-01-135256 Cam2,img066098.png,404.31964382922456,574.5714674547011,115.69688933820646,550.2072089587061,271.25330896648245,690.7702387432928,297.49174119293866,840.7041371801852,661.0814449,848.2008321020298,1024.6711486118677,848.2008321020298
labeled-data,PMA18_2020-12-01-135256 Cam2,img069616.png,1195.2209580838326,568.9489462633177,947.8300257,563.3264250719342,1062.1546232210903,745.1212769266663,295.6175674624775,836.9557897192628,668.5781398242476,851.9491795629522,1034.042017264173,840.7041371801852
labeled-data,PMA18_2020-12-01-135256 Cam2,img070396.png,,,,,,,297.49174119293866,844.4524846411074,655.4589237110196,844.4524846411075,1015.3002799595614,851.9491795629522
labeled-data,PMA18_2020-12-01-135256 Cam2,img071681.png,408.0679912901468,557.7039038805507,194.41218601757495,553.9555564196284,318.1076522280114,737.6245820048216,312.4851310366279,831.3332685278795,661.0814449,842.5783109106463,1032.1678435337117,844.4524846411075
labeled-data,PMA18_2020-12-01-135256 Cam2,img073687.png,,,966.5717629675712,548.3330352,,,299.3659149233998,831.3332685278795,655.4589237110196,840.7041371801852,1026.5453223423283,857.5717007543356
labeled-data,PMA18_2020-12-01-135256 Cam2,img077633.png,,,957.2008943152656,552.0813826891672,1056.532102029707,737.6245820048216,301.2400886538609,836.9557897192628,651.7105762500972,842.5783109106463,1028.4194960727896,836.9557897192628
labeled-data,PMA18_2020-12-01-135256 Cam2,img078121.png,,,882.2339450968194,576.4456411851622,1056.532102029707,613.9291157943853,293.7433937320164,836.9557897192628,653.5847499805583,853.8233532934132,1022.796974881406,848.2008321020298
labeled-data,PMA18_2020-12-01-135256 Cam2,img081555.png,411.8163387510691,546.4588614977838,177.5446224434246,557.7039038805507,308.73678357570554,741.3729294657439,1034.042017264173,838.8299634,314.35930476708904,829.4590947974182,662.9556186,844.4524846411075
labeled-data,PMA18_2020-12-01-135256 Cam2,img087218.png,379.9553853332295,578.3198149156234,,,265.6307877750989,703.8894548565208,306.8626098452444,836.9557897192628,668.5781398242476,844.4524846411075,1030.2936698032509,835.0816159888018
labeled-data,PMA18_2020-12-01-135256 Cam2,img087705.png,334.97521580216176,462.1210436270318,,,179.41879617388577,664.5318065168366,303.11426238432205,833.2074422583405,668.5781398242476,846.3266583715687,1022.796974881406,838.8299634
labeled-data,PMA18_2020-12-01-135256 Cam2,img088825.png,,,938.4591570106542,572.6972937242399,1035.9161909946342,746.9954506571273,297.49174119293866,836.9557897192628,661.0814449,844.4524846411075,1026.5453223423283,842.5783109106463
labeled-data,PMA18_2020-12-01-135256 Cam2,img091716.png,393.0746014464576,570.8231199937788,203.7830546698808,533.3396453845556,295.6175674624775,733.8762345438993,303.11426238432205,831.3332685278795,657.3330974414806,848.2008321020298,1045.2870596469402,846.3266583715687
labeled-data,PMA18_2020-12-06-122840 Cam2,img14638.png,1202.7176530056772,501.478692,1002.1810638463334,505.2270394276384,1109.0089664826191,685.1477175519093,344.3460844544676,818.2140524146513,706.0616144334707,825.7107473,1079.022186795241,829.4590947974182
labeled-data,PMA18_2020-12-06-122840 Cam2,img17474.png,454.9223345516757,529.5912979236334,376.2070378723072,720.7570184306712,260.00826658371545,520.2204292713276,338.7235632630841,818.2140524146513,722.9291780076211,827.5849210669571,1077.1480130647797,820.0882261451125
labeled-data,PMA18_2020-12-06-122840 Cam2,img17925.png,1172.7308733182986,501.478692,968.4459366980326,544.5846877673226,1135.2473987090757,718.8828447002101,338.7235632630841,820.0882261451125,698.5649195,829.4590947974182,1071.5254918733965,818.2140524146513
labeled-data,PMA18_2020-12-06-122840 Cam2,img19033.png,458.6706820125981,542.7105140368615,248.76322420094857,518.3462555408665,334.97521580216176,733.8762345438993,344.3460844544676,821.9623998755736,704.1874407030094,825.7107473,1090.2672291780077,823.8365736060348
labeled-data,PMA18_2020-12-06-122840 Cam2,img20870.png,,,,,,,346.22025818492864,823.8365736060348,715.4324830857764,829.4590947974182,1122.1281825958472,829.4590947974182
labeled-data,PMA18_2020-12-06-122840 Cam2,img30736.png,443.6772921689088,578.3198149156234,,,295.6175674624775,692.6444124737538,348.0944319153898,833.2074422583405,707.9357881639318,827.5849210669571,1073.3996656038576,816.3398786841901
labeled-data,PMA18_2020-12-06-122840 Cam2,img31929.png,,,1034.042017264173,522.0946030017888,1129.624877517692,681.3993701,329.35269461077826,825.7107473,698.5649195,827.5849210669571,1082.770534256163,820.0882261451125
labeled-data,PMA18_2020-12-06-122840 Cam2,img32676.png,786.6510848433005,557.7039038805507,,,677.9490084765533,756.3663193094332,338.7235632630841,838.8299634,709.8099619,821.9623998755736,1069.651318142935,816.3398786841901
labeled-data,PMA18_2020-12-06-122840 Cam2,img35262.png,,,,,1090.2672291780077,688.8960650128315,348.0944319153898,821.9623998755736,719.1808305466988,825.7107473,1071.5254918733965,820.0882261451125
labeled-data,PMA18_2020-12-06-122840 Cam2,img36784.png,443.6772921689088,546.4588614977838,,,342.4719107240064,726.3795396220547,342.4719107240064,821.9623998755736,706.0616144334707,831.3332685278795,1077.1480130647797,814.4657049537291
labeled-data,PMA18_2020-12-06-122840 Cam2,img39274.png,454.9223345516757,572.6972937242399,,,278.7500038883271,666.4059802472977,342.4719107240064,821.9623998755736,713.5583093553154,816.3398786841901,1079.022186795241,812.5915312232678
labeled-data,PMA18_2020-12-06-122840 Cam2,img39320.png,449.2998133602923,540.8363403064003,,,338.7235632630841,730.1278870829769,344.3460844544676,820.0882261451125,715.4324830857764,823.8365736060348,1075.2738393343184,827.5849210669571
labeled-data,PMA18_2020-12-06-122840 Cam2,img41355.png,460.5448557430592,567.0747725328565,,,319.98182595847254,688.8960650128315,349.96860564585097,829.4590947974182,724.8033517380824,825.7107473,1071.5254918733965,821.9623998755736
labeled-data,PMA18_2020-12-06-122840 Cam2,img42072.png,,,1009.677758768178,533.3396453845556,1114.631487674003,709.5119760479042,348.0944319153898,827.5849210669571,702.3132669725484,829.4590947974182,1080.8963605257018,820.0882261451125
labeled-data,PMA18_2020-12-06-122840 Cam2,img46909.png,,,,,,,342.4719107240064,818.2140524146513,692.9423983202427,818.2140524146513,1086.5188817170856,821.9623998755736
labeled-data,PMA18_2020-12-06-122840 Cam2,img52607.png,,,,,344.3460844544676,713.2603235088266,348.0944319153898,818.2140524146513,728.5516991990045,821.9623998755736,1079.022186795241,823.8365736060348
labeled-data,PMA18_2020-12-06-122840 Cam2,img59156.png,,,987.1876740026444,555.8297301500895,1118.379835134925,718.8828447002101,336.8493895326229,833.2074422583405,711.6841356248541,829.4590947974182,1075.2738393343184,812.5915312232678
labeled-data,PMA18_2020-12-06-122840 Cam2,img59469.png,445.5514659,559.5780776110118,,,295.6175674624775,683.2735438214481,340.59773699354525,821.9623998755736,709.8099619,825.7107473,1075.2738393343184,823.8365736060348
labeled-data,PMA18_2020-12-06-122840 Cam2,img59939.png,,,612.3529279104129,495.8561707753325,724.8033517380824,688.8960650128315,359.3394742981568,829.4590947974182,704.1874407030094,827.5849210669571,1073.3996656038576,829.4590947974182
labeled-data,PMA18_2020-12-06-122840 Cam2,img64200.png,,,974.0684579,537.0879928,1092.141402908469,718.8828447002101,344.3460844544676,829.4590947974182,704.1874407030094,827.5849210669571,1069.651318142935,825.7107473
labeled-data,PMA36 2021_09_16_09_31_58 Cam1,img0041869.png,443.8504160510148,405.62333774010415,334.6661871063068,401.42394431915386,371.4108795,458.1157555,527.8382844700209,502.20938642196126,231.7810482930243,496.96014464577337,376.6601213158099,505.3589315
labeled-data,PMA36 2021_09_16_09_31_58 Cam1,img0155271.png,367.2114861186717,397.2245508982036,,,281.1239209891904,399.3242476086787,527.8382844700209,507.45862819814914,229.6813515825491,493.8105995800606,380.85951473676016,505.3589315
labeled-data,PMA36 2021_09_16_09_31_58 Cam1,img0362026.png,187.6874173730461,222.94972392876585,,,119.4472742826036,145.26094564118512,524.6887394043082,503.2592347771988,230.7311999377867,500.1096897114861,380.85951473676016,503.2592347771988
labeled-data,PMA36 2021_09_16_09_31_58 Cam1,img0398263.png,293.7221012520413,404.5734893848666,,,226.5318065168364,445.5175752391321,525.7385877595458,504.3090831324364,220.23271638541087,494.8604479352982,378.7598180262851,501.15953806672366
labeled-data,PMA36 2021_09_16_09_31_58 Cam1,img0408982.png,298.9713430282292,399.3242476086787,,,235.98044171397464,441.31818181818176,524.6887394043082,502.2093864219612,229.68135158254915,500.1096897114861,377.7099696710475,506.40877984291154
labeled-data,PMA36 2021_09_16_09_31_58 Cam1,img0508511.png,,,466.94707986624144,410.8725795,533.0875262462088,439.2184851077066,526.7884361147834,507.45862819814914,225.4819581615988,493.8105995800606,374.5604246053347,506.40877984291154
labeled-data,PMA36 2021_09_16_09_31_58 Cam1,img0848574.png,406.0558753,389.8756124115405,,,356.7130025662959,459.1656038572206,534.1373746014464,506.40877984291154,228.63150322731155,499.0598413562485,378.75981802628496,502.20938642196126
labeled-data,PMA36 2021_09_16_09_31_58 Cam1,img0884940.png,358.8126992767711,429.7698499105685,,,277.9743759234776,446.5674235943696,528.8881328252585,506.40877984291154,224.43210980636127,502.20938642196126,378.7598180262851,507.45862819814914
labeled-data,PMA36 2021_09_16_09_31_58 Cam1,img0892197.png,,,485.8443502605179,403.52364102962906,539.3866163776343,451.81666537055753,530.9878295357337,506.40877984291154,226.5318065168364,495.91029629053577,375.6102729605723,507.45862819814914
labeled-data,PMA36 2021_09_16_09_31_58 Cam1,img1010371.png,303.17073644917946,407.72303445057935,,,226.5318065168364,442.36803017341936,526.7884361147834,502.20938642196126,222.33241309588607,498.0099930010109,377.7099696710475,506.40877984291154
labeled-data,PMA36 2021_09_16_09_31_58 Cam1,img1182890.png,301.0710397387044,408.7728828058169,,,229.6813515825491,439.2184851077066,527.8382844700209,501.15953806672366,224.43210980636127,496.96014464577337,380.85951473676016,506.40877984291154
labeled-data,PMA36 2021_09_16_09_31_58 Cam1,img1600552.png,363.0120926977214,364.67925188583865,248.5786219768255,394.0750058324908,327.3172486196438,427.6701532000933,528.8881328252585,502.20938642196126,225.4819581615988,498.0099930010109,379.80966638152256,508.5084765533867
labeled-data,PMA36 2021_09_16_09_31_58 Cam1,img1710529.png,338.86558052725707,408.7728828058169,,,250.6783186873007,428.7200015553309,525.7385877595458,505.3589315,229.6813515825491,496.96014464577337,377.7099696710475,505.3589315
labeled-data,PMA36 2021_09_16_09_31_58 Cam1,img1771868.png,,,435.45162920911423,420.3212147134302,506.8413173652695,446.5674235943696,533.0875262462088,501.15953806672366,225.4819581615988,494.8604479352982,378.7598180262851,506.40877984291154
labeled-data,PMA36 2021_09_16_09_31_58 Cam1,img1943777.png,298.9713430282292,415.0719729372424,,,229.6813515825491,441.31818181818176,523.6388910490706,508.5084765533867,220.23271638541087,496.96014464577337,382.95921144723536,506.40877984291154
labeled-data,PMA36 2021_09_16_09_31_58 Cam1,img1979468.png,,,471.14647328719184,399.3242476086787,520.4893459833579,444.46772688389456,528.8881328252585,506.40877984291154,229.6813515825491,492.7607512,378.7598180262851,503.2592347771988
labeled-data,PMA36 2021_09_16_09_31_58 Cam1,img1998585.png,,,479.5452601290924,400.37409596391626,529.9379811804961,450.766817,525.7385877595458,506.40877984291154,227.58165487207395,498.0099930010109,377.7099696710475,507.45862819814914
labeled-data,PMA36 2021_09_16_09_31_58 Cam1,img2004627.png,294.7719496072789,404.5734893848666,,,233.88074500349944,436.0689400419938,532.0376778909713,507.45862819814914,226.5318065168364,499.0598413562485,378.7598180262851,509.5583249086243
labeled-data,PMA36 2021_09_16_09_31_58 Cam1,img2213102.png,365.1117894081965,364.67925188583865,266.4260440158644,393.0251574772533,328.3670969748813,432.9193949762812,530.9878295357337,502.20938642196126,226.5318065168364,493.8105995800606,376.6601213158099,502.20938642196126
labeled-data,PMA36 2021_09_16_09_31_58 Cam1,img2640210.png,432.30208414340143,398.2743992534412,322.0680068434559,399.3242476086787,368.2613344739093,456.0160587915079,529.9379811804961,502.20938642196126,224.43210980636127,499.0598413562485,375.6102729605723,503.2592347771988
labeled-data,PMA36 2021_09_16_09_31_58 Cam2,img0016370.png,560.3835834823858,207.20199860020216,465.8972315,95.91807294501903,,,595.0285792052258,510.6081732638619,132.0454545454545,507.45862819814914,363.0120926977214,510.6081732638619
labeled-data,PMA36 2021_09_16_09_31_58 Cam2,img0061230.png,359.8625476320086,320.58562096586047,213.9336262539855,249.19593280970523,588.7294890738004,508.5084765533867,127.84606112450416,510.6081732638619,364.0619410529589,507.45862819814914,,
labeled-data,PMA36 2021_09_16_09_31_58 Cam2,img0153455.png,680.0662959794696,296.4391087953962,527.8382844700209,320.58562096586047,613.9258495995023,415.0719729372424,595.0285792052258,509.5583249086243,136.2448479664048,511.6580216190994,357.7628509215335,510.6081732638619
labeled-data,PMA36 2021_09_16_09_31_58 Cam2,img0195824.png,249.6284703320631,356.2804650439381,119.4472742826036,256.5448712963683,130.9956061902169,397.2245508982036,585.5799440080876,507.45862819814914,133.09530290069205,509.5583249086243,363.0120926977214,507.45862819814914
labeled-data,PMA36 2021_09_16_09_31_58 Cam2,img0202311.png,685.3155377556575,291.1898670192083,548.8352515747724,326.8847110972859,629.6735749280659,407.72303445057935,592.9288824947507,503.2592347771988,127.84606112450416,506.40877984291154,365.1117894081965,510.6081732638619
labeled-data,PMA36 2021_09_16_09_31_58 Cam2,img0357437.png,458.54829302434086,304.8378956372968,276.92452756824014,314.2865308,361.9622443424838,414.0221245820048,591.8790341395131,509.5583249086243,135.1949996111672,509.5583249086243,357.7628509215335,506.40877984291154
labeled-data,PMA36 2021_09_16_09_31_58 Cam2,img0956650.png,234.93059335873704,306.93759234777195,,,115.24788086165324,364.67925188583865,589.7793374290379,507.45862819814914,132.0454545454545,506.40877984291154,361.9622443424838,508.5084765533867
labeled-data,PMA36 2021_09_16_09_31_58 Cam2,img0964218.png,671.6675091375689,299.5886538611089,516.2899525624076,327.9345594525235,591.8790341395131,418.2215180029551,587.6796407185628,507.45862819814914,133.09530290069205,511.6580216190994,366.1616377634341,510.6081732638619
labeled-data,PMA36 2021_09_16_09_31_58 Cam2,img0978856.png,260.1269538844389,355.2306166887005,120.49712263784112,268.0932032039816,139.3943930321175,405.62333774010415,589.7793374290379,508.5084765533867,132.0454545454545,508.5084765533867,366.1616377634341,511.6580216190994
labeled-data,PMA36 2021_09_16_09_31_58 Cam2,img1066760.png,534.1373746014464,262.8439614277937,377.7099696710475,320.58562096586047,503.6917722995567,390.9254607667781,599.2279726261762,508.5084765533867,137.2946963216424,509.5583249086243,360.9123959872462,507.45862819814914
labeled-data,PMA36 2021_09_16_09_31_58 Cam2,img1086791.png,213.9336262539855,338.4330430048993,56.456372968348944,289.09017030873315,112.0983357959405,415.0719729372424,591.8790341395131,505.3589315,129.9457578349793,512.70787,360.9123959872462,508.5084765533867
labeled-data,PMA36 2021_09_16_09_31_58 Cam2,img1193404.png,649.6206936775799,299.5886538611089,504.7416206547943,332.1339528734738,603.4273660471265,411.9224278715296,595.0285792052258,508.5084765533867,124.69651605879142,510.6081732638619,365.1117894081965,513.7577183295746
labeled-data,PMA36 2021_09_16_09_31_58 Cam2,img1295916.png,24.960922311221623,169.4074578116494,150.94272493973085,85.41958939264327,,,598.1781242709386,509.5583249086243,135.1949996111672,513.7577183295746,364.0619410529589,508.5084765533867
labeled-data,PMA36 2021_09_16_09_31_58 Cam2,img1677618.png,218.13301967493575,337.3831946496617,64.85515981024957,284.89077688778286,118.3974259,415.0719729372424,589.7793374290379,510.6081732638619,129.9457578349793,508.5084765533867,369.3111828291469,511.6580216190994
labeled-data,PMA36 2021_09_16_09_31_58 Cam2,img2076113.png,651.7203904,295.38926044015864,508.9410140757445,341.5825881,586.6297923633252,422.4209114239054,597.1282759,505.3589315,128.89590947974176,507.45862819814914,359.8625476320086,508.5084765533867
labeled-data,PMA36 2021_09_16_09_31_58 Cam2,img2326833.png,430.2023874329264,328.98440780776104,269.57558908157705,334.23364958394893,364.0619410529589,456.0160587915079,590.8291857842755,504.3090831324364,129.9457578349793,513.7577183295746,363.0120926977214,508.5084765533867
labeled-data,PMA36 2021_09_16_09_31_58 Cam2,img2455869.png,671.6675091375689,295.38926044015864,524.6887394043082,323.7351660315732,601.3276693366513,408.7728828058169,598.1781242709386,508.5084765533867,135.1949996111672,510.6081732638619,365.1117894081965,509.5583249086243
labeled-data,PMA36 2021_09_16_09_31_58 Cam2,img2631144.png,219.18286803017335,340.5327397153744,80.60288513881324,276.49199004588223,115.24788086165324,403.52364102962906,591.8790341395131,508.5084765533867,127.84606112450416,513.7577183295746,363.0120926977214,512.70787
labeled-data,PMA36 2021_09_16_09_31_58 Cam2,img2635336.png,443.8504160510148,334.23364958394893,276.92452756824014,319.53577261062287,332.5664903958317,432.9193949762812,592.9288824947507,504.3090831324364,126.79621276926662,505.3589315,365.1117894081965,502.20938642196126
labeled-data,PMA36 2021_09_16_09_31_58 Cam2,img2728820.png,649.6206936775799,291.1898670192083,517.3398009176452,336.33334629442413,609.7264562,426.6203048448557,590.8291857842755,508.5084765533867,132.0454545454545,509.5583249086243,356.7130025662959,506.40877984291154
labeled-data,PMA36 2021_10_07_14_17_06 Cam1,img0038036.png,557.2340384166731,360.4798584648884,480.5951085,384.6263706353526,551.9847966404852,433.9692433315188,534.1373746014464,482.2622676724473,232.83089664826184,490.6610545143479,386.10875651294816,490.6610545143479
labeled-data,PMA36 2021_10_07_14_17_06 Cam1,img0361610.png,545.6857065090597,363.6294035306011,465.8972315,383.5765222801151,537.2869196671592,437.1187883972314,535.187223,480.16257096197216,234.93059335873704,490.6610545143479,386.1087565129481,494.8604479352982
labeled-data,PMA36 2021_10_07_14_17_06 Cam1,img0468447.png,276.92452756824014,379.3771288591647,,,221.28256474064847,440.2683334629442,530.9878295357337,484.3619643829225,230.7311999377867,485.41181273816005,389.2583015786609,494.8604479352982
labeled-data,PMA36 2021_10_07_14_17_06 Cam1,img0475115.png,297.9214946729916,396.1747025,229.6813515825491,439.2184851077066,533.0875262462088,483.3121160276849,229.6813515825491,488.5613578038728,384.00905980247296,491.7109028695855,,
labeled-data,PMA36 2021_10_07_14_17_06 Cam1,img0787030.png,296.8716463177541,395.1248541877284,,,233.88074500349944,425.5704564896181,535.187223,486.4616610933976,231.7810482930243,490.6610545143479,382.95921144723536,487.5115094486352
labeled-data,PMA36 2021_10_07_14_17_06 Cam1,img1143195.png,,,474.2960183529045,397.2245508982036,537.2869196671592,435.0190916867563,537.2869196671592,477.01302589625936,231.7810482930243,484.3619643829225,389.2583015786609,488.5613578038728
labeled-data,PMA36 2021_10_07_14_17_06 Cam1,img1203122.png,272.72513414728974,384.6263706353526,195.0363558597091,367.8287969515514,214.98347460922304,446.5674235943696,537.2869196671592,483.3121160276849,229.6813515825491,490.6610545143479,384.00905980247296,491.7109028695855
labeled-data,PMA36 2021_10_07_14_17_06 Cam1,img1572426.png,438.6011742748269,367.8287969515514,336.7658838,363.6294035306011,372.4607278948596,425.5704564896181,539.3866163776343,479.11272260673456,231.7810482930243,484.3619643829225,384.00905980247296,488.5613578038728
labeled-data,PMA36 2021_10_07_14_17_06 Cam1,img1622117.png,561.4334318376234,355.2306166887005,473.2461699976669,380.4269772144023,540.4364647328719,430.8196983,538.3367680223967,479.11272260673456,233.88074500349944,484.3619643829225,386.1087565129481,489.6112061591104
labeled-data,PMA36 2021_10_07_14_17_06 Cam1,img1691550.png,272.72513414728974,386.7260673458278,,,229.6813515825491,439.2184851077066,535.187223,480.16257096197216,229.6813515825491,492.7607512,379.80966638152256,492.7607512
labeled-data,PMA36 2021_10_07_14_17_06 Cam1,img1741248.png,426.002994,370.97834201726414,325.2175519091686,366.77894859631385,369.3111828291468,427.6701532000933,535.187223,485.41181273816005,231.7810482930243,491.7109028695855,381.90936309199776,490.6610545143479
labeled-data,PMA36 2021_10_07_14_17_06 Cam1,img2044390.png,291.6224045415662,395.1248541877284,,,227.58165487207395,436.0689400419938,534.1373746014464,480.16257096197216,233.88074500349944,488.5613578038728,381.90936309199776,494.8604479352982
labeled-data,PMA36 2021_10_07_14_17_06 Cam1,img2190392.png,290.5725561863286,400.37409596391626,,,226.5318065168364,430.8196983,534.1373746014465,482.26226767244736,233.88074500349944,489.6112061591104,381.90936309199776,492.7607512
labeled-data,PMA36 2021_10_07_14_17_06 Cam1,img2272056.png,289.5227078,394.0750058324908,,,231.7810482930243,431.8695466210436,530.9878295357337,483.3121160276849,230.7311999377867,489.6112061591104,388.2084532234233,490.6610545143479
labeled-data,PMA36 2021_10_07_14_17_06 Cam1,img2345825.png,563.5331285480986,360.4798584648884,482.6948051948051,386.7260673458278,548.8352515747724,433.9692433315188,536.2370713119216,490.6610545143479,237.03029006921213,489.6112061591104,380.85951473676016,494.8604479352982
labeled-data,PMA36 2021_10_07_14_17_06 Cam1,img2479959.png,566.6826736138113,358.3801617544132,487.944047,382.5266739248775,548.8352515747724,430.8196983,536.2370713119216,485.41181273816005,240.17983513492493,488.5613578038728,389.2583015786609,494.8604479352982
labeled-data,PMA36 2021_10_07_14_17_06 Cam1,img2582572.png,554.0844933509603,354.18076833346294,478.4954117738548,384.6263706353526,544.6358581538221,432.9193949762812,536.2370713119216,482.2622676724473,234.93059335873704,490.6610545143479,384.00905980247296,493.8105995800606
labeled-data,PMA36 2021_10_07_14_17_06 Cam1,img2593218.png,304.22058480441706,379.3771288591647,201.33544599113455,380.4269772144023,253.8278637530134,450.766817,535.187223,483.3121160276849,241.2296834901624,488.5613578038728,382.95921144723536,491.7109028695855
labeled-data,PMA36 2021_10_07_14_17_06 Cam1,img2605893.png,294.7719496072789,391.9753091220157,,,233.88074500349944,425.5704564896181,529.9379811804961,486.4616610933976,233.8807450034995,489.6112061591103,384.00905980247296,493.8105995800606
labeled-data,PMA36 2021_10_07_14_17_06 Cam1,img2839412.png,294.7719496072789,384.6263706353526,208.6843844777976,368.8786453,247.5287736215879,446.5674235943696,533.0875262462088,486.4616610933976,240.17983513492493,493.8105995800606,387.1586048681857,494.8604479352982
labeled-data,PMA36 2021_10_07_14_17_06 Cam2,img0089276.png,199.23574928065935,340.5327397153744,60.65576638929929,278.5916867563574,,,595.0285792052258,500.1096897114861,132.0454545454545,502.20938642196126,364.0619410529589,500.1096897114861
labeled-data,PMA36 2021_10_07_14_17_06 Cam2,img0213522.png,430.2023874329264,300.63850221634647,264.3263473053892,314.2865308,352.51360914534564,414.0221245820048,593.9787308499883,499.0598413562485,140.44424138735508,501.15953806672366,368.2613344739093,495.91029629053577
labeled-data,PMA36 2021_10_07_14_17_06 Cam2,img0315130.png,670.6176607823314,290.14001866397075,542.5361614,328.98440780776104,630.7234232833034,430.8196983,605.5270627576016,499.0598413562485,135.1949996111672,504.3090831324364,367.2114861186717,495.91029629053577
labeled-data,PMA36 2021_10_07_14_17_06 Cam2,img0432486.png,450.1495061824403,305.88774399253435,295.8217979625165,316.3862275449101,374.5604246053347,435.0190916867563,599.2279726261762,502.20938642196126,133.09530290069205,507.45862819814914,367.2114861186717,495.91029629053577
labeled-data,PMA36 2021_10_07_14_17_06 Cam2,img0534270.png,643.3216035461544,281.7412318220701,488.9938953262306,341.5825881,602.3775176918889,410.8725795,600.2778209814137,502.20938642196126,138.3445446768799,503.2592347771988,368.2613344739093,501.15953806672366
labeled-data,PMA36 2021_10_07_14_17_06 Cam2,img0678941.png,204.4849910568473,324.7850143868108,45.95788941597317,306.93759234777195,,,600.2778209814137,501.15953806672366,144.64363480830542,498.0099930010109,368.2613344739093,502.20938642196126
labeled-data,PMA36 2021_10_07_14_17_06 Cam2,img0828744.png,225.4819581615988,330.03425616299864,72.2040983,328.98440780776104,,,603.4273660471265,501.15953806672366,134.14515125592965,483.3121160276849,361.9622443424838,500.1096897114861
labeled-data,PMA36 2021_10_07_14_17_06 Cam2,img0896523.png,203.4351427016097,331.08410451823624,58.55606967882409,276.49199004588223,103.69954895403993,402.47379267439146,591.8790341395131,498.0099930010109,133.09530290069205,506.40877984291154,370.3610311843844,502.20938642196126
labeled-data,PMA36 2021_10_07_14_17_06 Cam2,img1375760.png,202.3852943463721,331.08410451823624,62.75546309977443,288.04032195349555,122.59681934831627,426.6203048448557,593.9787308499883,498.0099930010109,133.09530290069205,505.3589315,368.2613344739093,501.15953806672366
labeled-data,PMA36 2021_10_07_14_17_06 Cam2,img1448929.png,201.33544599113455,323.7351660315732,52.25697954739866,291.1898670192083,118.3974259,406.67318609534175,591.8790341395131,496.96014464577337,132.0454545454545,499.0598413562485,370.3610311843844,502.20938642196126
labeled-data,PMA36 2021_10_07_14_17_06 Cam2,img1586030.png,658.0194805194805,292.2397153744459,519.4394976281203,339.4828913601368,606.5769111128392,431.8695466210436,592.9288824947507,495.91029629053577,135.1949996111672,503.2592347771988,366.1616377634341,500.1096897114861
labeled-data,PMA36 2021_10_07_14_17_06 Cam2,img1719321.png,656.9696321642429,305.88774399253435,525.7385877595458,344.7321331363247,621.2747880861652,429.7698499105685,599.2279726261762,502.20938642196126,136.2448479664048,500.1096897114861,364.0619410529589,501.15953806672366
labeled-data,PMA36 2021_10_07_14_17_06 Cam2,img1777082.png,651.7203904,282.79108017730766,519.4394976281203,326.8847110972859,613.9258495995023,403.52364102962906,599.2279726261762,499.0598413562485,134.14515125592965,502.20938642196126,366.1616377634341,499.0598413562485
labeled-data,PMA36 2021_10_07_14_17_06 Cam2,img1960106.png,676.9167509137568,299.5886538611089,518.3896492728827,331.08410451823624,606.5769111128392,421.3710630686678,596.0784275604634,500.1096897114861,136.2448479664048,495.91029629053577,364.0619410529589,496.96014464577337
labeled-data,PMA36 2021_10_07_14_17_06 Cam2,img2097522.png,180.33847888638303,335.28349793918653,49.10743448168592,300.63850221634647,89.00167198071381,433.9692433315188,600.2778209814137,499.0598413562485,129.9457578349793,502.20938642196126,367.2114861186717,496.96014464577337
labeled-data,PMA36 2021_10_07_14_17_06 Cam2,img2491437.png,217.08317131969815,325.8348627420484,53.3068279,299.5886538611089,124.69651605879142,390.9254607667781,599.2279726261762,500.1096897114861,126.79621276926662,495.91029629053577,372.4607278948596,500.1096897114861
labeled-data,PMA36 2021_10_07_14_17_06 Cam2,img2589446.png,675.8669025585193,282.79108017730766,533.0875262462088,313.23668247919744,621.2747880861652,407.72303445057935,598.1781242709386,500.1096897114861,133.09530290069205,498.0099930010109,369.3111828291468,499.0598413562485
labeled-data,PMA36 2021_10_07_14_17_06 Cam2,img2596909.png,210.78408118827275,320.58562096586047,52.25697954739866,333.1838012287114,142.54393809783028,445.5175752391321,591.8790341395131,503.2592347771988,136.2448479664048,505.3589315,368.2613344739093,503.2592347771988
labeled-data,PMA36 2021_10_07_14_17_06 Cam2,img2770586.png,210.78408118827275,325.8348627420484,72.2040983,269.1430515592192,118.3974259,396.1747025,592.9288824947507,498.0099930010109,133.09530290069205,498.0099930010109,365.1117894081965,500.1096897114861
labeled-data,PMA36 2021_10_07_14_17_06 Cam2,img2789358.png,670.6176607823314,306.93759234777195,525.7385877595458,331.08410451823624,610.7763045337896,428.7200015553309,595.0285792052258,501.15953806672366,138.3445446768799,500.1096897114861,373.5105762500971,500.1096897114861
labeled-data,PMA36 2021_10_19_09_46_44 Cam1,img0002471.png,433.35193249863903,361.5297068,326.2674002644062,372.02819037250174,379.80966638152256,435.0190916867563,534.1373746014464,484.3619643829225,237.03029006921213,495.91029629053577,384.00905980247296,494.8604479352982
labeled-data,PMA36 2021_10_19_09_46_44 Cam1,img0009519.png,,,,,,,537.2869196671592,483.3121160276849,235.98044171397464,491.7109028695855,384.00905980247296,492.7607512
labeled-data,PMA36 2021_10_19_09_46_44 Cam1,img0124136.png,560.3835834823858,357.3303133991756,485.8443502605179,378.3272805039272,553.0346449957228,432.9193949762812,536.2370713119216,484.3619643829225,238.08013842444973,486.4616610933976,381.9093630919979,496.9601446457733
labeled-data,PMA36 2021_10_19_09_46_44 Cam1,img0190595.png,561.4334318376234,354.18076833346294,476.3957150633797,378.3272805039272,546.7355548642973,436.0689400419938,537.2869196671592,485.41181273816005,237.03029006921213,487.5115094486352,386.1087565129481,492.7607512
labeled-data,PMA36 2021_10_19_09_46_44 Cam1,img0267801.png,555.1343417061979,360.4798584648884,477.4455634186172,380.4269772144023,549.8850999,435.0190916867563,537.2869196671592,484.3619643829225,235.98044171397464,486.4616610933976,385.0589081577105,492.7607512
labeled-data,PMA36 2021_10_19_09_46_44 Cam1,img0268526.png,,,481.6449568395676,384.6263706353526,547.7854032195349,430.8196983,535.187223,483.3121160276849,234.93059335873704,486.4616610933976,382.95921144723536,492.7607512
labeled-data,PMA36 2021_10_19_09_46_44 Cam1,img0501737.png,,,467.99692822147904,388.8257640563029,534.1373746014464,433.9692433315188,535.187223,483.3121160276849,235.98044171397464,489.6112061591104,386.1087565129481,495.91029629053577
labeled-data,PMA36 2021_10_19_09_46_44 Cam1,img0551847.png,535.187223,359.4300101096508,461.6978380900536,397.2245508982036,530.9878295357337,432.9193949762812,534.1373746014464,482.2622676724473,237.03029006921213,490.6610545143479,390.30814993389833,494.8604479352982
labeled-data,PMA36 2021_10_19_09_46_44 Cam1,img0600201.png,433.35193249863903,380.4269772144023,335.7160354615444,374.1278870829768,381.90936309199776,432.9193949762812,534.1373746014464,481.2124193172097,231.7810482930243,485.41181273816005,382.95921144723536,492.7607512
labeled-data,PMA36 2021_10_19_09_46_44 Cam1,img0989751.png,,,,,227.58165487207395,437.1187883972314,529.9379811804961,481.2124193172097,229.6813515825491,489.6112061591104,385.0589081577105,490.6610545143479
labeled-data,PMA36 2021_10_19_09_46_44 Cam1,img1054432.png,,,226.5318065168364,402.47379267439146,307.37012987012986,447.6172719496072,535.187223,488.5613578038728,229.6813515825491,490.6610545143479,387.1586048681857,491.7109028695855
labeled-data,PMA36 2021_10_19_09_46_44 Cam1,img1263727.png,431.25223578816383,354.18076833346294,326.2674002644062,361.5297068,377.7099696710475,400.37409596391626,537.2869196671592,482.2622676724473,234.93059335873704,488.5613578038728,380.85951473676016,494.8604479352982
labeled-data,PMA36 2021_10_19_09_46_44 Cam1,img1350596.png,,,473.2461699976669,394.0750058324908,534.1373746014464,430.8196983,532.0376778909713,484.3619643829225,230.7311999377867,489.6112061591104,389.2583015786609,492.7607512
labeled-data,PMA36 2021_10_19_09_46_44 Cam1,img1482617.png,422.85344894626326,364.67925188583865,316.81876506726803,352.08107162298774,373.5105762500972,427.6701532000933,536.2370713119216,480.16257096197216,233.88074500349944,490.6610545143479,381.90936309199776,490.6610545143479
labeled-data,PMA36 2021_10_19_09_46_44 Cam1,img1520486.png,271.67528579205225,394.0750058324908,,,218.13301967493575,435.0190916867563,529.9379811804961,484.3619643829225,235.98044171397464,490.6610545,382.95921144723536,495.91029629053577
labeled-data,PMA36 2021_10_19_09_46_44 Cam1,img1819251.png,444.9002644062524,395.1248541877284,342.01512559296987,376.2275838,377.7099696710475,450.766817,536.2370713119216,483.3121160276849,228.63150322731155,491.7109028695855,384.00905980247296,490.6610545143479
labeled-data,PMA36 2021_10_19_09_46_44 Cam1,img2133283.png,289.5227078,390.9254607667781,,,233.88074500349944,428.7200015553309,532.0376778909713,489.6112061591104,233.88074500349944,491.7109028695855,390.30814993389833,494.8604479352982
labeled-data,PMA36 2021_10_19_09_46_44 Cam1,img2500156.png,430.20238743292623,381.4768255696399,329.4169453301189,385.6762189905902,377.7099696710475,436.0689400419938,530.9878295357337,488.5613578038728,238.08013842444973,489.6112061591104,378.7598180262851,495.91029629053577
labeled-data,PMA36 2021_10_19_09_46_44 Cam1,img2512790.png,274.82483085776494,389.8756124115405,,,217.08317131969815,439.2184851077066,535.187223,484.3619643829225,235.98044171397464,493.8105995800606,386.1087565129481,495.91029629053577
labeled-data,PMA36 2021_10_19_09_46_44 Cam1,img2627071.png,,,478.4954117738548,383.5765222801151,532.0376778909713,429.7698499105685,534.1373746014464,487.51150944863525,233.88074500349944,491.7109028695855,387.1586048681857,493.8105995800606
labeled-data,PMA36 2021_10_19_09_46_44 Cam2,img0131569.png,212.8837778987479,332.1339528734738,79.55303678357564,290.14001866397075,118.3974259,426.6203048448557,596.0784275604634,501.15953806672366,132.0454545454545,508.5084765533867,365.1117894081965,503.2592347771988
labeled-data,PMA36 2021_10_19_09_46_44 Cam2,img0176813.png,211.8339295435103,331.08410451823624,61.70561474453683,311.13698576872224,113.1481841511781,422.4209114239054,596.0784275604634,502.20938642196126,135.1949996111672,504.3090831324364,361.9622443424838,504.3090831324364
labeled-data,PMA36 2021_10_19_09_46_44 Cam2,img0285171.png,655.9197838090053,295.38926044015864,522.5890426938331,339.4828913601368,624.4243332,430.8196983,593.9787308499883,500.1096897114861,137.29469632164233,505.35893148767394,368.2613344739093,514.8075666848122
labeled-data,PMA36 2021_10_19_09_46_44 Cam2,img0311683.png,204.4849910568473,321.6354693,60.65576638929929,285.9406252430204,115.24788086165324,400.37409596391626,596.0784275604634,498.0099930010109,130.9956061902169,502.20938642196126,369.3111828291468,509.5583249086243
labeled-data,PMA36 2021_10_19_09_46_44 Cam2,img0316510.png,653.8200870985302,292.2397153744459,524.6887394043082,333.1838012287114,626.5240298623531,418.2215180029551,596.0784275604634,505.3589315,133.09530290069205,504.3090831324364,365.1117894081965,507.45862819814914
labeled-data,PMA36 2021_10_19_09_46_44 Cam2,img0366284.png,428.1026907224512,298.5388055058713,271.67528579205225,304.8378956372968,353.56345750058324,408.7728828058169,591.8790341395131,507.45862819814914,136.2448479664048,509.5583249086243,368.2613344739093,502.20938642196126
labeled-data,PMA36 2021_10_19_09_46_44 Cam2,img0736222.png,656.9696321642429,289.09017030873315,529.9379811804961,333.1838012287114,619.1750913756902,416.1218212924799,593.9787308499883,503.2592347771988,134.14515125592965,507.45862819814914,366.1616377634341,504.3090831324364
labeled-data,PMA36 2021_10_19_09_46_44 Cam2,img0855305.png,642.2717551909168,313.23668247919744,504.7416206547943,357.3303133991756,627.5738782175907,441.31818181818176,598.1781242709386,503.2592347771988,135.1949996111672,506.40877984291154,366.1616377634341,507.45862819814914
labeled-data,PMA36 2021_10_19_09_46_44 Cam2,img1263411.png,440.7008709853021,288.04032195349555,276.92452756824014,277.5418384011198,354.6133058558207,379.3771288591647,596.0784275604634,505.3589315,132.0454545454545,507.45862819814914,360.9123959872462,504.3090831324364
labeled-data,PMA36 2021_10_19_09_46_44 Cam2,img1297663.png,212.8837778987479,334.23364958394893,61.70561474453683,304.8378956372968,119.4472742826036,415.0719729372424,600.2778209814137,503.2592347771988,127.84606112450416,503.2592347771988,363.0120926977214,504.3090831324364
labeled-data,PMA36 2021_10_19_09_46_44 Cam2,img1530059.png,431.25223578816383,301.68835057158407,281.1239209891904,277.5418384011198,355.6631542110583,381.4768255696399,598.1781242709386,506.40877984291154,135.1949996111672,506.40877984291154,361.9622443424838,505.3589315
labeled-data,PMA36 2021_10_19_09_46_44 Cam2,img1621831.png,206.5846877673225,319.53577261062287,,,133.09530290069205,414.0221245820048,595.0285792052258,504.3090831324364,130.9956061902169,505.3589315,364.0619410529589,508.5084765533867
labeled-data,PMA36 2021_10_19_09_46_44 Cam2,img1718697.png,416.55435881483777,307.98744070300955,280.0740726339528,306.93759234777195,332.5664903958317,415.0719729372424,593.9787308499883,503.2592347771988,129.9457578349793,511.6580216190994,366.1616377634341,506.40877984291154
labeled-data,PMA36 2021_10_19_09_46_44 Cam2,img1746708.png,433.35193249863903,280.6913834668325,271.67528579205225,283.84092853254526,342.01512559296987,378.3272805039272,598.1781242709386,504.3090831324364,139.3943930321175,506.40877984291154,361.9622443424838,507.45862819814914
labeled-data,PMA36 2021_10_19_09_46_44 Cam2,img2298515.png,,,,,,,589.7793374290379,508.5084765533867,132.0454545454545,506.40877984291154,367.2114861186717,507.45862819814914
labeled-data,PMA36 2021_10_19_09_46_44 Cam2,img2316499.png,675.8669025585193,296.4391087953962,523.6388910490706,331.08410451823624,616.0255463099774,420.3212147134302,593.9787308499883,504.3090831324364,129.9457578349793,506.40877984291154,365.1117894081965,508.5084765533867
labeled-data,PMA36 2021_10_19_09_46_44 Cam2,img2425795.png,421.80360059102566,322.6853176763356,266.4260440158644,310.0871374134847,322.0680068434559,420.3212147134302,596.0784275604634,499.0598413562485,132.0454545454545,504.3090831324364,366.1616377634341,507.45862819814914
labeled-data,PMA36 2021_10_19_09_46_44 Cam2,img2476993.png,191.88681079399635,333.1838012287114,44.90804106073563,335.28349793918653,117.3475775721284,446.5674235943696,601.3276693366513,508.5084765533867,139.3943930321175,498.0099930010109,364.0619410529589,507.45862819814914
labeled-data,PMA36 2021_10_19_09_46_44 Cam2,img2568195.png,646.4711486118671,311.13698576872224,493.1932887471809,354.18076833346294,610.7763045337895,441.31818181818176,590.8291857842755,506.40877984291154,135.1949996111672,501.15953806672366,363.0120926977214,512.70787
labeled-data,PMA36 2021_10_19_09_46_44 Cam2,img2614084.png,667.4681157166186,306.93759234777195,520.4893459833579,332.1339528734738,610.7763045337895,428.7200015553309,595.0285792052258,496.96014464577337,128.89590947974176,504.3090831324364,360.9123959872462,505.3589315
labeled-data,PMA36 2021_11_02_13_37_42 Cam1,img0006146.png,313.66922000155523,373.0780387277393,244.3792285558752,343.6822847810872,246.4789252663503,427.6701532000933,537.2869196671592,480.16257096197216,237.03029006921213,485.41181273816005,390.30814993389833,490.6610545143479
labeled-data,PMA36 2021_11_02_13_37_42 Cam1,img0017296.png,,,242.2795318,405.62333774010415,281.1239209891904,458.1157555,539.3866163776343,484.3619643829225,248.5786219768255,489.6112061591104,388.2084532234233,491.7109028695855
labeled-data,PMA36 2021_11_02_13_37_42 Cam1,img0030841.png,,,,,,,536.2370713119216,480.16257096197216,240.17983513492493,488.5613578038728,388.2084532234233,491.7109028695855
labeled-data,PMA36 2021_11_02_13_37_42 Cam1,img0091131.png,192.93665914923395,342.6324364258496,187.6874173730461,269.1430515592192,,,537.2869196671592,483.3121160276849,240.17983513492493,485.41181273816005,387.1586048681857,493.8105995800606
labeled-data,PMA36 2021_11_02_13_37_42 Cam1,img0103210.png,546.7355548642973,362.5795551753636,485.8443502605179,390.9254607667781,557.2340384166731,428.7200015553309,535.187223,484.3619643829225,241.2296834901624,486.4616610933976,387.1586048681857,488.5613578038728
labeled-data,PMA36 2021_11_02_13_37_42 Cam1,img0174293.png,557.2340384166731,345.7819814915623,491.0935920367058,372.02819037250174,562.4832802,431.8695466210436,536.2370713119216,487.5115094486352,232.83089664826184,492.7607512,389.2583015786609,495.9102962905358
labeled-data,PMA36 2021_11_02_13_37_42 Cam1,img0215214.png,,,481.6449568395676,376.2275838,544.6358581538221,433.9692433315188,534.1373746014464,482.2622676724473,233.88074500349944,487.5115094486352,388.2084532234233,489.6112061591103
labeled-data,PMA36 2021_11_02_13_37_42 Cam1,img0435792.png,312.61937164631775,399.3242476086787,,,243.3293802006376,430.8196983,540.4364647328719,483.3121160276849,240.17983513492493,487.5115094486352,392.4078466443736,489.6112061591104
labeled-data,PMA36 2021_11_02_13_37_42 Cam1,img0437006.png,352.51360914534564,364.67925188583865,260.1269538844389,406.67318609534175,340.96527723773227,445.5175752391321,536.2370713119216,482.2622676724473,238.08013842444973,489.6112061591104,391.3579983,490.6610545143479
labeled-data,PMA36 2021_11_02_13_37_42 Cam1,img0510928.png,,,475.3458667081421,379.3771288591647,537.2869196671592,433.9692433315188,541.4863130881095,479.11272260673456,237.03029006921213,491.7109028695855,382.95921144723536,489.6112061591104
labeled-data,PMA36 2021_11_02_13_37_42 Cam1,img0630046.png,558.2838867719107,367.8287969515514,472.1963216424293,386.7260673458278,523.6388910490706,430.8196983,538.3367680223967,482.2622676724473,238.08013842444973,489.6112061591104,390.30814993389833,493.8105995800606
labeled-data,PMA36 2021_11_02_13_37_42 Cam1,img0632162.png,,,479.5452601290924,386.7260673458278,542.5361614,431.8695466210436,535.187223,481.2124193172097,237.03029006921213,485.41181273816005,389.2583015786609,490.6610545143479
labeled-data,PMA36 2021_11_02_13_37_42 Cam1,img0753156.png,,,487.944047,381.4768255696399,544.6358581538221,430.8196983,538.3367680223967,483.3121160276849,229.6813515825491,485.41181273816005,385.0589081577105,491.7109028695855
labeled-data,PMA36 2021_11_02_13_37_42 Cam1,img0755524.png,554.0844933509603,344.7321331363247,465.8972315,391.9753091220157,534.1373746014464,432.9193949762812,539.3866163776343,485.41181273816005,241.2296834901624,486.4616610933976,393.4576949996112,493.8105995800606
labeled-data,PMA36 2021_11_02_13_37_42 Cam1,img0808414.png,,,473.2461699976669,394.0750058324908,535.187223,432.9193949762812,536.2370713119216,479.11272260673456,228.63150322731155,490.6610545143479,385.0589081577105,492.7607512
labeled-data,PMA36 2021_11_02_13_37_42 Cam1,img0979255.png,441.7507193405396,396.1747025,356.7130025662959,348.93152655727505,371.4108795,439.2184851077066,534.1373746014464,480.16257096197216,235.98044171397464,492.7607512,385.0589081577105,491.7109028695855
labeled-data,PMA36 2021_11_02_13_37_42 Cam1,img0980070.png,437.5513259195893,378.3272805039272,326.2674002644062,367.8287969515514,375.6102729605723,438.1686368,542.5361614,482.2622676724473,237.03029006921213,486.4616610933976,388.2084532234233,498.0099930010109
labeled-data,PMA36 2021_11_02_13_37_42 Cam1,img1007330.png,337.8157321720196,398.2743992534412,260.1269538844389,354.18076833346294,263.2764989501516,426.6203048448557,536.2370713119216,484.3619643829225,237.03029006921213,486.4616610933976,386.1087565129481,495.91029629053577
labeled-data,PMA36 2021_11_02_13_37_42 Cam1,img1018742.png,310.51967493584254,387.7759157010654,,,241.2296834901624,433.9692433315188,536.2370713119216,482.2622676724473,238.08013842444973,486.4616610933976,395.5573917100862,492.7607512
labeled-data,PMA36 2021_11_02_13_37_42 Cam1,img1160702.png,304.22058480441706,393.0251574772533,213.9336262539855,382.5266739248775,237.03029006921213,436.0689400419938,534.1373746014464,479.11272260673456,237.03029006921213,490.6610545143479,388.2084532234233,493.8105995800606
labeled-data,PMA36 2021_11_02_13_37_42 Cam2,img0106683.png,227.58165487207395,348.93152655727505,76.40349171786289,305.88774399253435,141.49408974259268,418.2215180029551,595.0285792052258,503.2592347771988,141.49408974259268,507.45862819814914,368.2613344739093,507.45862819814914
labeled-data,PMA36 2021_11_02_13_37_42 Cam2,img0131893.png,666.4182674,302.73819892682167,526.7884361147834,336.33334629442413,633.8729683490162,417.1716696477175,599.2279726261762,506.40877984291154,133.09530290069205,510.6081732638619,360.9123959872462,508.5084765533867
labeled-data,PMA36 2021_11_02_13_37_42 Cam2,img0250620.png,374.5604246053347,355.2306166887005,241.2296834901624,244.9965393887549,,,595.0285792052258,505.3589315,134.14515125592965,503.2592347771988,373.5105762500972,509.5583249086243
labeled-data,PMA36 2021_11_02_13_37_42 Cam2,img0325645.png,228.63150322731155,326.8847110972859,87.95182362547627,304.8378956372968,142.54393809783028,422.4209114239054,590.8291857842755,500.1096897114861,138.3445446768799,506.40877984291154,366.1616377634341,508.5084765533867
labeled-data,PMA36 2021_11_02_13_37_42 Cam2,img0329832.png,216.03332296446064,318.48592425538527,75.35364336262535,291.1898670192083,120.49712263784112,398.2743992534412,592.9288824947507,505.3589315,143.59378645306782,509.5583249086243,368.2613344739093,504.3090831324364
labeled-data,PMA36 2021_11_02_13_37_42 Cam2,img0374672.png,190.8369624387588,317.4360759001477,54.35667626,333.1838012287114,115.24788086165324,430.8196983,598.1781242709386,502.20938642196126,142.54393809783028,506.40877984291154,365.1117894081966,511.6580216190994
labeled-data,PMA36 2021_11_02_13_37_42 Cam2,img0415544.png,280.0740726339528,273.3424449801695,133.09530290069205,333.1838012287114,303.17073644917946,435.0190916867563,595.0285792052258,505.3589315,138.3445446768799,506.40877984291154,369.3111828291468,510.6081732638619
labeled-data,PMA36 2021_11_02_13_37_42 Cam2,img0497179.png,223.38226145112367,332.1339528734738,79.55303678357564,309.0372890582471,141.49408974259268,422.4209114239054,592.9288824947507,503.2592347771988,126.79621276926662,505.3589315,369.3111828291468,506.40877984291154
labeled-data,PMA36 2021_11_02_13_37_42 Cam2,img0562014.png,218.13301967493575,344.7321331363247,91.10136869,309.0372890582471,115.24788086165324,409.8227311610545,596.0784275604634,506.40877984291154,134.14515125592965,510.6081732638619,366.1616377634341,509.5583249086243
labeled-data,PMA36 2021_11_02_13_37_42 Cam2,img0615963.png,427.0528423672136,286.9904736,263.2764989501517,292.23971537444584,346.2145190139201,393.0251574772533,595.0285792052258,505.3589315,134.14515125592965,505.3589315,365.1117894081965,507.45862819814914
labeled-data,PMA36 2021_11_02_13_37_42 Cam2,img0653846.png,,,493.1932887471809,348.93152655727505,608.6766078233144,418.2215180029551,599.2279726261762,503.2592347771988,134.14515125592965,507.45862819814914,366.1616377634341,509.5583249086243
labeled-data,PMA36 2021_11_02_13_37_42 Cam2,img0692095.png,214.98347460922304,339.4828913601368,,,109.99863908546536,425.5704564896181,600.2778209814137,503.2592347771988,129.9457578349793,503.2592347771988,367.2114861186717,510.6081732638619
labeled-data,PMA36 2021_11_02_13_37_42 Cam2,img0755106.png,410.2552686834123,326.8847110972859,259.0771055292013,344.7321331363247,325.2175519091686,424.52060813438055,600.2778209814137,504.3090831324364,133.09530290069205,506.40877984291154,366.1616377634341,508.5084765533867
labeled-data,PMA36 2021_11_02_13_37_42 Cam2,img0757548.png,674.8170542032817,302.73819892682167,520.4893459833579,326.8847110972859,599.2279726261762,421.3710630686678,591.8790341395131,501.15953806672366,132.0454545454545,504.3090831324364,372.4607278948596,508.5084765533867
labeled-data,PMA36 2021_11_02_13_37_42 Cam2,img0835220.png,276.92452756824014,380.4269772144023,148.8430282292557,291.1898670192083,,,593.9787308499883,505.3589315,137.2946963216424,512.70787,364.0619410529589,508.5084765533867
labeled-data,PMA36 2021_11_02_13_37_42 Cam2,img0844288.png,438.6011742748269,300.63850221634647,273.77498250252745,278.59168675635743,335.7160354615444,381.4768255696399,599.2279726261762,505.3589315,138.3445446768799,509.5583249086243,365.1117894081965,509.5583249086243
labeled-data,PMA36 2021_11_02_13_37_42 Cam2,img0968424.png,432.30208414340143,292.2397153744459,281.1239209891904,294.33941208492104,344.1148223034449,396.1747025,591.8790341395131,500.1096897114861,133.09530290069205,512.70787,373.5105762500972,509.5583249086243
labeled-data,PMA36 2021_11_02_13_37_42 Cam2,img0991646.png,436.5014775643517,316.3862275449101,274.82483085776494,293.28956372968344,343.06497394820747,412.9722762267672,603.4273660471265,504.3090831324364,127.84606112450416,513.7577183295746,365.1117894081965,509.5583249086243
labeled-data,PMA36 2021_11_02_13_37_42 Cam2,img1118052.png,430.2023874329264,320.58562096586047,282.1737693444279,300.63850221634647,348.3142157243953,419.2713663581927,590.8291857842755,505.3589315,129.9457578349793,510.6081732638619,364.0619410529589,508.5084765533867
labeled-data,PMA36 2021_11_02_13_37_42 Cam2,img1178540.png,656.9696321642429,301.68835057158407,506.8413173652693,333.1838012287114,595.0285792052258,412.9722762267672,595.0285792052258,504.3090831324364,137.29469632164233,510.6081732638618,371.4108795,510.6081732638619
labeled-data,PMA36 Confidence Task 21001-09012021114436 Cam1,img071538.png,395.5573917100862,389.8756124115405,293.7221012520413,359.4300101096508,328.3670969748813,450.766817,465.8972315,516.9072633952874,170.8898436892448,461.2653005676957,317.86861342250563,491.7109028695855
labeled-data,PMA36 Confidence Task 21001-09012021114436 Cam1,img081663.png,,,300.0211913834668,347.88167820203745,338.86558052725707,417.1716696477175,465.8972315,512.70787,175.08923711019514,459.1656038572206,314.71906835679283,493.8105995800606
labeled-data,PMA36 Confidence Task 21001-09012021114436 Cam1,img082810.png,,,297.9214946729916,378.3272805039272,335.7160354615444,436.0689400419938,466.94707986624144,510.6081732638619,169.83999533400726,464.4148456334085,317.86861342250563,493.8105995800606
labeled-data,PMA36 Confidence Task 21001-09012021114436 Cam1,img151571.png,,,432.30208414340143,399.3242476086787,464.8473831557664,463.3649972781709,458.54829302434086,515.8574150400498,175.08923711019514,465.4646939886461,316.81876506726803,494.8604479352982
labeled-data,PMA36 Confidence Task 21001-09012021114436 Cam1,img153082.png,243.3293802006376,373.0780387277393,,,176.1390854654327,400.37409596391626,465.8972315,514.8075666848122,165.64060191305697,462.3151489229333,314.71906835679283,491.7109028695855
labeled-data,PMA36 Confidence Task 21001-09012021114436 Cam1,img164588.png,,,220.23271638541087,356.2804650439381,272.72513414728974,424.52060813438055,464.8473831557664,515.8574150400498,168.79014697876966,460.21545221245816,321.0181584882183,495.91029629053577
labeled-data,PMA36 Confidence Task 21001-09012021114436 Cam1,img191490.png,253.8278637530134,388.8257640563029,,,187.6874173730461,408.7728828058169,462.7476864452912,510.6081732638619,169.83999533400726,461.2653005676957,316.81876506726803,489.6112061591104
labeled-data,PMA36 Confidence Task 21001-09012021114436 Cam1,img228098.png,,,440.7008709853021,390.9254607667781,485.8443502605179,450.766817,458.54829302434086,515.8574150400498,168.79014697876966,462.3151489229333,322.0680068434559,494.8604479352982
labeled-data,PMA36 Confidence Task 21001-09012021114436 Cam1,img234740.png,255.9275604634886,384.6263706353526,,,180.33847888638303,405.62333774010415,463.7975348005288,506.40877984291154,170.8898436892448,458.1157555,313.66922000155523,491.7109028695855
labeled-data,PMA36 Confidence Task 21001-09012021114436 Cam1,img241818.png,,,454.3488996033906,403.52364102962906,495.2929854576561,453.91636208103273,452.2492028929154,510.6081732638619,167.7402986235321,460.21545221245816,322.0680068434559,494.8604479352982
labeled-data,PMA36 Confidence Task 21001-09012021114436 Cam1,img254491.png,,,438.6011742748269,399.3242476086787,493.1932887471809,456.0160587915079,465.8972315,510.6081732638619,174.03938875495754,458.1157555,312.61937164631775,496.96014464577337
labeled-data,PMA36 Confidence Task 21001-09012021114436 Cam1,img258534.png,246.4789252663503,368.8786453,,,179.28863053114543,403.52364102962906,464.8473831557664,511.6580216190994,167.7402986235321,463.3649972781709,319.9683101329807,498.0099930010109
labeled-data,PMA36 Confidence Task 21001-09012021114436 Cam1,img268282.png,250.6783186873007,379.3771288591647,,,184.5378723073333,408.7728828058169,463.7975348005288,509.5583249086243,165.64060191305697,463.3649972781709,311.56952329108015,490.6610545143479
labeled-data,PMA36 Confidence Task 21001-09012021114436 Cam1,img285753.png,255.9275604634886,376.2275838,,,187.6874173730461,402.47379267439146,465.8972315,512.70787,169.83999533400726,466.5145423438836,319.9683101329807,493.8105995800606
labeled-data,PMA36 Confidence Task 21001-09012021114436 Cam1,img292847.png,244.3792285558752,380.4269772144023,,,168.79014697876966,405.62333774010415,464.8473831557664,513.7577183295746,168.79014697876966,462.3151489229333,319.9683101329807,491.7109028695855
labeled-data,PMA36 Confidence Task 21001-09012021114436 Cam1,img305253.png,385.0589081577105,376.2275838,306.32028151489226,357.3303133991756,350.41391243487044,419.2713663581927,464.8473831557664,516.9072633952874,172.9895404,463.3649972781709,322.0680068434559,495.91029629053577
labeled-data,PMA36 Confidence Task 21001-09012021114436 Cam1,img338235.png,,,363.0120926977214,365.72910024107625,437.5513259195893,415.0719729372424,465.8972315,511.6580216190994,171.9396920444824,459.1656038572206,317.86861342250563,493.8105995800606
labeled-data,PMA36 Confidence Task 21001-09012021114436 Cam1,img344183.png,242.2795318,377.2774321486896,,,168.79014697876966,399.3242476086787,470.09662493195424,509.5583249086243,170.8898436892448,462.3151489229333,317.86861342250563,493.8105995800606
labeled-data,PMA36 Confidence Task 21001-09012021114436 Cam1,img360283.png,,,436.5014775643517,395.1248541877284,474.2960183529045,462.3151489229333,464.8473831557664,513.7577183295746,177.1889338206703,464.4148456334085,317.86861342250563,494.8604479352982
labeled-data,PMA36 Confidence Task 21001-09012021114436 Cam1,img375550.png,262.2266506,388.8257640563029,186.6375690178085,354.18076833346294,191.88681079399635,415.0719729372424,461.6978380900536,514.8075666848122,167.7402986235321,461.2653005676957,308.41997822536734,491.7109028695855
labeled-data,PMA36 Confidence Task 210824-08242021134330 Cam1,img0172484.png,251.7281670425382,370.97834201726414,183.48802395209577,323.7351660315732,179.28863053114543,401.42394431915386,465.8972315,509.5583249086243,167.7402986235321,461.2653005676957,321.0181584882183,493.8105995800606
labeled-data,PMA36 Confidence Task 210824-08242021134330 Cam1,img0207646.png,494.2431371024185,397.2245508982036,401.8564818415117,356.2804650439381,418.65405552531297,422.4209114239054,461.6978380900536,510.6081732638619,175.08923711019514,464.4148456334085,312.61937164631775,492.7607512
labeled-data,PMA36 Confidence Task 210824-08242021134330 Cam1,img0339595.png,255.9275604634886,385.6762189905902,,,183.48802395209577,416.1218212924799,465.8972315,510.6081732638619,172.9895404,463.3649972781709,321.0181584882183,490.6610545143479
labeled-data,PMA36 Confidence Task 210824-08242021134330 Cam1,img0400371.png,,,457.49844466910326,405.62333774010415,499.4923788786064,462.3151489229333,458.54829302434086,513.7577183295746,172.9895404,461.2653005676957,317.86861342250563,490.6610545143479
labeled-data,PMA36 Confidence Task 210824-08242021134330 Cam1,img0412842.png,271.67528579205225,346.83182984679985,,,212.8837778987479,394.0750058324908,465.8972315,513.7577183295746,165.64060191305697,457.0659071467454,313.66922000155523,494.8604479352982
labeled-data,PMA36 Confidence Task 210824-08242021134330 Cam1,img0466375.png,248.5786219768254,373.0780387277392,,,175.08923711019514,402.47379267439146,467.99692822147904,511.6580216190994,163.54090520258177,462.3151489229333,322.0680068434559,490.6610545143479
labeled-data,PMA36 Confidence Task 210824-08242021134330 Cam1,img0503383.png,261.1768022396765,378.3272805039272,,,187.6874173730461,411.9224278715296,466.94707986624144,512.70787,169.83999533400726,464.4148456334085,316.81876506726803,494.8604479352982
labeled-data,PMA36 Confidence Task 210824-08242021134330 Cam1,img0536017.png,418.65405552531297,397.2245508982036,,,329.4169453301189,426.6203048448557,466.94707986624144,513.7577183295746,167.7402986235321,462.3151489229333,318.9184617777431,494.8604479352982
labeled-data,PMA36 Confidence Task 210824-08242021134330 Cam1,img0579328.png,381.90936309199776,363.6294035306011,,,300.0211913834668,366.77894859631385,469.04677657671664,511.6580216190994,169.83999533400726,459.1656038572206,314.71906835679283,494.8604479352982
labeled-data,PMA36 Confidence Task 210824-08242021134330 Cam1,img0644070.png,250.6783186873007,383.5765222801151,,,182.43817559685817,411.9224278715296,472.1963216424293,510.6081732638619,169.83999533400726,461.2653005676957,318.9184617777431,490.6610545143479
labeled-data,PMA36 Confidence Task 210824-08242021134330 Cam1,img0644376.png,352.51360914534564,387.7759157010654,269.57558908157705,314.2865308,270.62543743681465,386.7260673458278,463.7975348005288,512.70787,174.03938875495754,459.16560385722056,317.86861342250563,491.7109028695855
labeled-data,PMA36 Confidence Task 210824-08242021134330 Cam1,img0645246.png,377.7099696710475,395.1248541877284,291.6224045415662,366.77894859631385,339.91542888249467,428.7200015553309,470.09662493195424,508.5084765533867,178.2387821759079,460.21545221245816,314.71906835679283,489.6112061591104
labeled-data,PMA36 Confidence Task 210824-08242021134330 Cam1,img0654232.png,264.3263473053892,397.2245508982036,216.03332296446064,323.7351660315732,196.0862042149467,409.8227311610545,470.09662493195424,512.70787,167.7402986235321,466.5145423438836,324.1677035539311,494.8604479352982
labeled-data,PMA36 Confidence Task 210824-08242021134330 Cam1,img0769036.png,265.3761956606268,360.4798584648884,,,202.3852943463721,406.67318609534175,461.6978380900536,509.5583249086243,169.83999533400726,462.3151489229333,318.9184617777431,493.8105995800606
labeled-data,PMA36 Confidence Task 210824-08242021134330 Cam1,img0773570.png,,,437.5513259195893,404.5734893848666,479.5452601290924,458.1157555,460.64798973481606,513.7577183295746,170.8898436892448,459.1656038572206,313.66922000155523,493.8105995800606
labeled-data,PMA36 Confidence Task 210824-08242021134330 Cam1,img0778950.png,,,430.2023874329264,403.52364102962906,478.4954117738548,450.766817,462.7476864452912,512.70787,170.8898436892448,460.21545221245816,322.0680068434559,492.7607512
labeled-data,PMA36 Confidence Task 210824-08242021134330 Cam1,img0879225.png,246.4789252663503,375.1777354382144,,,185.5877206625709,402.47379267439146,473.2461699976669,511.6580216190994,170.8898436892448,459.1656038572206,315.76891671203043,487.5115094486352
labeled-data,PMA36 Confidence Task 210824-08242021134330 Cam1,img0947845.png,253.8278637530134,375.1777354382144,,,188.7372657282836,403.52364102962906,464.8473831557664,509.5583249086243,168.79014697876966,459.1656038572206,318.9184617777431,492.7607512
labeled-data,PMA36 Confidence Task 210824-08242021134330 Cam1,img1015139.png,,,456.44859631386566,402.47379267439146,494.2431371024185,453.91636208103273,464.8473831557664,508.5084765533867,170.8898436892448,459.1656038572206,315.76891671203043,491.7109028695855
labeled-data,PMA36 Confidence Task 210824-08242021134330 Cam1,img1081606.png,64.85515981024957,414.0221245820048,,,,,471.14647328719184,514.8075666848122,168.79014697876966,460.21545221245816,322.0680068434559,492.7607512
labeled-data,PMA36 Confidence Task-08092021163638 Cam2,img043057.png,161.50202193016565,320.8587370713119,,,,,516.8640251963607,490.0787386266428,76.89202115,475.1475620188195,300.8596703,482.1154444358037
labeled-data,PMA36 Confidence Task-08092021163638 Cam2,img049847.png,,,400.40084765533874,354.7027373823781,478.042966,366.64767866863673,501.9328485885373,482.1154444358037,82.86449179562953,472.1613266972548,298.8688467221402,485.10167975736834
labeled-data,PMA36 Confidence Task-08092021163638 Cam2,img051052.png,390.44672991678993,290.9963838556653,270.9973170542034,287.01473676024574,,,540.7539078,486.0970915312232,81.86908002177466,478.13379734038415,308.8229644606891,483.11085620965855
labeled-data,PMA36 Confidence Task-08092021163638 Cam2,img070593.png,,,498.94661326697263,321.8541488451668,563.6483785675405,411.4412084921067,507.9053192316666,486.0970915312232,80.87366824791974,477.1383855665292,296.87802317443044,483.11085620965855
labeled-data,PMA36 Confidence Task-08092021163638 Cam2,img080812.png,,,496.9557897192629,317.87250174974724,559.6667314721208,409.4503849443969,513.8777899,493.06497394820747,91.82319776032352,470.1705031,295.8826114005755,483.11085620965855
labeled-data,PMA36 Confidence Task-08092021163638 Cam2,img111784.png,,,,,,,510.8915545532313,485.10167975736834,78.8828447,473.1567384711097,302.85049381755977,487.0925033050781
labeled-data,PMA36 Confidence Task-08092021163638 Cam2,img121698.png,168.4699043471499,323.84497239287657,,,,,518.8548487440705,487.0925033050781,73.90578583093554,473.1567384711097,298.8688467221402,479.1292091
labeled-data,PMA36 Confidence Task-08092021163638 Cam2,img139536.png,,,489.9879073022786,387.5513259195894,565.6392021152501,415.4228555875262,513.8777899,488.0879151,81.86908002177466,475.1475620188195,295.8826114005755,484.1062679835135
labeled-data,PMA36 Confidence Task-08092021163638 Cam2,img159174.png,343.66237654561013,303.9367369157788,,,,,522.8364958,487.0925033050781,78.8828447,476.1429737926744,,
labeled-data,PMA36 Confidence Task-08092021163638 Cam2,img176054.png,,,501.9328485885373,383.5696788241698,,,,,91.82319776032352,480.1246208880939,306.83214091297936,489.0833268527879
labeled-data,PMA36 Confidence Task-08092021163638 Cam2,img181787.png,361.5797884749981,320.8587370713119,,,,,509.8961427793765,490.0787386266428,73.90578583093554,469.17509137569016,298.8688467221402,486.0970915312232
labeled-data,PMA36 Confidence Task-08092021163638 Cam2,img183739.png,379.4972004043861,332.80367835757056,250.09366980325075,292.98720740337507,295.8826114005755,443.2943852554631,516.8640251963607,494.0603857220624,80.87366824791974,470.1705031,291.90096430515604,485.10167975736834
labeled-data,PMA36 Confidence Task-08092021163638 Cam2,img185927.png,159.51119838245592,319.86332529745704,,,60.96543277082202,395.5146201104285,518.8548487440705,489.0833268527879,82.86449179562953,471.1659149233999,300.8596703,481.1200326619488
labeled-data,PMA36 Confidence Task-08092021163638 Cam2,img196091.png,364.5660237965628,308.91379578505325,,,,,509.8961427793765,488.0879151,79.87825647406487,474.15215024496456,305.83672913912443,479.1292091
labeled-data,PMA36 Confidence Task-08092021163638 Cam2,img202232.png,368.5476708919824,332.80367835757056,250.09366980325075,372.62014931176606,,,513.8777899,487.0925033050781,83.85990357,475.1475620188195,303.8459055914147,483.11085620965855
labeled-data,PMA36 Confidence Task-08092021163638 Cam2,img213320.png,,,,,,,503.9236721362472,484.1062679835135,89.83237421261373,471.1659149233999,299.8642584959951,484.1062679835135
labeled-data,PMA36 Confidence Task-08092021163638 Cam2,img235646.png,,,480.0337895637298,377.5972081810405,,,512.8823781009412,487.0925033050781,88.83696243875886,473.1567384711097,297.87343494828536,479.1292091
labeled-data,PMA36 Confidence Task-08092021163638 Cam2,img245643.png,407.3687301,308.91379578505325,,,305.83672913912443,426.3723851,514.8732016486508,489.0833268527879,80.87366824791974,471.1659149233999,297.87343494828536,487.0925033050781
labeled-data,PMA36 Confidence Task-08092021163638 Cam2,img264453.png,,,,,,,514.8732016486508,491.0741504004977,79.87825647406487,471.1659149233999,301.85508204370484,482.1154444358037
labeled-data,PMA36 Confidence Task-08092021163638 Cam2,img279632.png,143.58461000077767,308.91379578505325,,,66.93790341395135,405.46873784897736,513.8777899,484.1062679835135,81.86908002177466,473.1567384711097,295.8826114005755,483.11085620965855
labeled-data,PMA36 Confidence Task-09022021102210 Cam1,img095568.png,286.3731627653783,394.0750058324908,,,225.4819581615988,441.31818181818176,533.0875262462088,506.40877984291154,222.33241309588607,496.96014464577337,381.90936309199776,510.6081732638619
labeled-data,PMA36 Confidence Task-09022021102210 Cam1,img106508.png,305.27043315965466,403.52364102962906,,,222.33241309588607,438.1686368,536.2370713119216,505.3589315,238.08013842444973,501.15953806672366,381.90936309199776,508.5084765533867
labeled-data,PMA36 Confidence Task-09022021102210 Cam1,img141295.png,,,485.8443502605179,399.3242476086787,546.7355548642973,451.81666537055753,525.7385877595458,505.3589315,230.7311999377867,496.96014464577337,380.85951473676016,504.3090831324364
labeled-data,PMA36 Confidence Task-09022021102210 Cam1,img141570.png,,,474.2960183529045,408.7728828058169,524.6887394043082,453.91636208103273,530.9878295357337,503.2592347771988,232.83089664826184,494.8604479352982,379.80966638152256,511.6580216190994
labeled-data,PMA36 Confidence Task-09022021102210 Cam1,img158408.png,,,511.0407107862197,393.0251574772533,559.3337351271482,440.2683334629442,534.1373746014464,495.91029629053577,224.43210980636127,496.96014464577337,381.90936309199776,507.45862819814914
labeled-data,PMA36 Confidence Task-09022021102210 Cam1,img167982.png,291.6224045415662,398.2743992534412,,,228.63150322731155,440.2683334629442,525.7385877595458,503.2592347771988,233.88074500349944,499.0598413562485,378.7598180262851,502.20938642196126
labeled-data,PMA36 Confidence Task-09022021102210 Cam1,img170707.png,,,519.4394976281203,400.37409596391626,557.2340384166731,454.9662104362703,530.9878295357337,504.3090831324364,232.83089664826184,498.0099930010109,376.6601213158099,501.15953806672366
labeled-data,PMA36 Confidence Task-09022021102210 Cam1,img197370.png,310.51967493584254,418.2215180029551,,,239.12998677968733,446.5674235943696,526.7884361147834,505.3589315,231.7810482930243,498.0099930010109,373.5105762500972,505.3589315
labeled-data,PMA36 Confidence Task-09022021102210 Cam1,img217626.png,296.8716463177541,405.62333774010415,,,226.5318065168364,447.6172719496072,526.7884361147834,503.2592347771988,227.58165487207395,499.0598413562485,381.90936309199776,507.45862819814914
labeled-data,PMA36 Confidence Task-09022021102210 Cam1,img221511.png,297.9214946729916,404.5734893848666,,,234.93059335873704,439.2184851077066,526.7884361147834,504.3090831324364,229.6813515825491,495.91029629053577,381.90936309199776,507.45862819814914
labeled-data,PMA36 Confidence Task-09022021102210 Cam1,img221637.png,295.8217979625165,402.47379267439146,,,238.08013842444973,436.0689400419938,525.7385877595458,502.20938642196126,233.88074500349944,498.0099930010109,378.7598180262851,506.40877984291154
labeled-data,PMA36 Confidence Task-09022021102210 Cam1,img228678.png,289.5227078,401.42394431915386,,,230.7311999377867,437.1187883972314,521.5391943385955,503.2592347771988,226.5318065168364,500.1096897114861,375.6102729605723,506.40877984291154
labeled-data,PMA36 Confidence Task-09022021102210 Cam1,img255031.png,,,481.6449568395676,398.2743992534412,526.7884361147834,446.5674235943696,524.6887394043082,502.20938642196126,229.6813515825491,498.0099930010109,380.85951473676016,504.3090831324364
labeled-data,PMA36 Confidence Task-09022021102210 Cam1,img280992.png,306.32028151489226,412.9722762267672,,,241.2296834901624,444.46772688389456,527.8382844700209,502.20938642196126,227.58165487207395,503.2592347771988,374.5604246053347,509.5583249086243
labeled-data,PMA36 Confidence Task-09022021102210 Cam1,img341279.png,542.5361614,150.5101874,499.4923788786064,186.2050314954506,,,530.9878295357337,508.5084765533867,234.93059335873704,495.91029629053577,379.80966638152256,505.3589315
labeled-data,PMA36 Confidence Task-09022021102210 Cam1,img346383.png,,,,,,,528.8881328252585,505.3589315,234.93059335873704,500.1096897114861,379.80966638152256,509.5583249086243
labeled-data,PMA36 Confidence Task-09022021102210 Cam1,img351976.png,,,227.58165487207395,134.76246208880934,,,535.187223,504.3090831324364,231.7810482930243,499.0598413562485,387.1586048681857,509.5583249086243
labeled-data,PMA36 Confidence Task-09022021102210 Cam1,img354497.png,,,,,,,526.7884361147834,511.6580216190995,237.03029006921216,504.30908313243634,374.5604246053347,506.40877984291154
labeled-data,PMA36 Confidence Task-09022021102210 Cam1,img365470.png,313.66922000155523,378.3272805039272,,,241.2296834901624,409.8227311610545,530.9878295357337,505.3589315,232.83089664826184,499.0598413562485,374.5604246053347,508.5084765533867
labeled-data,PMA36 Confidence Task-09022021102210 Cam1,img376761.png,,,477.4455634186172,402.47379267439146,539.3866163776343,443.41787852865696,526.7884361147834,509.5583249086243,235.98044171397464,499.0598413562485,377.7099696710475,509.5583249086243
labeled-data,PMA36 confidence task-08122021155110 Cam1,img082996.png,,,448.0498094719651,409.8227311610545,495.2929854576561,456.0160587915079,473.2461699976669,512.70787,171.9396920444824,466.5145423438836,323.1178551986934,493.8105995800606
labeled-data,PMA36 confidence task-08122021155110 Cam1,img112623.png,,,431.25223578816383,398.2743992534412,480.5951085,458.1157555,474.2960183529045,512.70787,178.2387821759079,461.2653005676957,322.0680068434559,496.96014464577337
labeled-data,PMA36 confidence task-08122021155110 Cam1,img126888.png,260.1269538844389,384.6263706353526,172.9895404,351.0312232677502,209.73423283303515,425.5704564896181,466.94707986624144,509.5583249086243,182.43817559685817,470.71393576483393,321.0181584882183,496.96014464577337
labeled-data,PMA36 confidence task-08122021155110 Cam1,img163441.png,,,460.64798973481606,401.4239443191539,511.0407107862197,468.6142390543588,471.14647328719184,510.6081732638619,175.08923711019514,461.2653005676957,321.0181584882183,498.0099930010109
labeled-data,PMA36 confidence task-08122021155110 Cam1,img171677.png,,,313.66922000155523,378.3272805039272,347.2643673691577,452.86651372579513,464.8473831557664,509.5583249086243,172.9895404,463.3649972781709,325.2175519091686,498.0099930010109
labeled-data,PMA36 confidence task-08122021155110 Cam1,img187452.png,,,175.08923711019514,345.7819814915623,203.4351427016097,426.6203048448557,465.8972315,512.70787,176.1390854654327,465.4646939886461,319.9683101329807,495.91029629053577
labeled-data,PMA36 confidence task-08122021155110 Cam1,img204821.png,256.9774088187261,380.4269772144023,,,196.0862042149467,414.0221245820048,463.7975348005288,513.7577183295746,171.9396920444824,466.5145423438836,324.1677036,494.8604479352982
labeled-data,PMA36 confidence task-08122021155110 Cam1,img237504.png,,,435.45162920911423,394.0750058324908,487.944047,459.1656038572206,469.04677657671664,513.7577183295746,169.83999533400726,463.3649972781709,317.86861342250563,492.7607512
labeled-data,PMA36 confidence task-08122021155110 Cam1,img241546.png,,,453.2990512,405.62333774010415,499.4923788786064,461.2653005676957,476.3957150633797,513.7577183295746,174.03938875495754,463.3649972781709,319.9683101329807,495.91029629053577
labeled-data,PMA36 confidence task-08122021155110 Cam1,img246988.png,,,436.5014775643517,397.2245508982036,486.8941986157554,453.91636208103273,463.7975348005288,513.7577183295746,175.08923711019514,459.1656038572206,318.9184617777431,495.91029629053577
labeled-data,PMA36 confidence task-08122021155110 Cam1,img259709.png,255.9275604634886,385.6762189905902,170.8898436892448,347.88167820203745,200.28559763589695,418.2215180029551,465.8972315,512.70787,179.28863053114543,469.6640874095964,327.3172486196438,499.0598413562485
labeled-data,PMA36 confidence task-08122021155110 Cam1,img261694.png,,,444.9002644062524,408.7728828058169,504.7416206547943,463.3649972781709,467.99692822147904,514.8075666848122,180.33847888638303,467.5643906991212,316.81876506726803,498.0099930010109
labeled-data,PMA36 confidence task-08122021155110 Cam1,img261929.png,396.6072400653238,387.7759157010654,288.4728594758534,355.2306166887005,324.1677036,414.0221245820048,462.7476864452912,515.8574150400498,172.9895404,465.4646939886461,316.81876506726803,492.7607512
labeled-data,PMA36 confidence task-08122021155110 Cam1,img286644.png,262.2266506,377.2774321486896,,,191.88681079399635,414.0221245820048,467.99692822147904,514.8075666848122,175.08923711019514,468.6142390543588,316.81876506726803,500.1096897114861
labeled-data,PMA36 confidence task-08122021155110 Cam1,img307928.png,,,449.0996578272027,403.52364102962906,505.7914690100319,463.3649972781709,470.09662493195424,515.8574150400498,177.1889338206703,468.6142390543588,316.81876506726803,498.0099930010109
labeled-data,PMA36 confidence task-08122021155110 Cam1,img311583.png,405.0060269072244,424.52060813438055,,,322.0680068434559,432.9193949762812,466.94707986624144,515.8574150400498,176.1390854654327,467.5643906991212,319.9683101329807,499.0598413562485
labeled-data,PMA36 confidence task-08122021155110 Cam1,img316903.png,254.8777121,384.6263706353526,,,191.88681079399635,414.0221245820048,465.8972315,512.70787,168.79014697876966,469.6640874095964,322.0680068434559,500.1096897114861
labeled-data,PMA36 confidence task-08122021155110 Cam1,img320820.png,,,450.1495061824403,416.1218212924799,501.5920755890816,460.21545221245816,465.8972315,519.0069601057625,175.08923711019514,470.71393576483393,315.76891671203043,504.3090831324364
labeled-data,PMA36 confidence task-08122021155110 Cam1,img386280.png,,,465.8972315,422.4209114239054,496.3428338128937,459.1656038572206,462.7476864452912,520.0568084610001,168.79014697876966,471.7637841200715,317.86861342250563,504.3090831324364
labeled-data,PMA36 confidence task-08122021155110 Cam1,img425993.png,268.52574072633945,387.7759157010654,197.13605257018423,340.5327397153744,192.93665914923395,418.2215180029551,467.99692822147904,517.9571117505249,168.79014697876966,469.6640874095964,316.81876506726803,503.2592347771988
labeled-data,PMA37 2021_11_04_10_13_07 Cam1,img0098011.png,296.8716463177541,400.37409596391626,209.73423283303515,396.1747025,241.2296834901624,451.81666537055753,538.3367680223967,485.41181273816005,239.12998677968733,489.6112061591104,389.2583015786609,495.91029629053577
labeled-data,PMA37 2021_11_04_10_13_07 Cam1,img0290317.png,,,479.5452601290924,385.6762189905902,538.3367680223967,432.9193949762812,537.2869196671592,485.41181273816005,234.93059335873704,489.6112061591104,391.3579983,492.7607512
labeled-data,PMA37 2021_11_04_10_13_07 Cam1,img0365879.png,448.0498094719651,391.9753091220157,342.01512559296987,386.7260673458278,397.6570884205614,456.0160587915079,539.3866163776343,484.3619643829225,238.08013842444973,492.7607512,390.30814993389833,494.8604479352982
labeled-data,PMA37 2021_11_04_10_13_07 Cam1,img0577491.png,377.7099696710475,387.7759157010654,,,300.0211913834668,431.8695466210436,538.3367680223967,485.41181273816005,238.08013842444973,494.86044793529817,389.25830157866073,491.7109028695854
labeled-data,PMA37 2021_11_04_10_13_07 Cam1,img0666578.png,302.1208881,380.4269772144023,,,251.7281670425382,439.2184851077066,536.2370713119216,481.2124193172097,240.17983513492493,486.4616610933976,389.2583015786609,490.6610545143479
labeled-data,PMA37 2021_11_04_10_13_07 Cam1,img0691777.png,517.3398009176452,238.69744925732948,574.0316121004743,307.98744070300955,592.9288824947507,254.44517458589317,540.4364647328719,481.2124193172097,235.98044171397464,491.7109028695855,389.2583015786609,494.8604479352982
labeled-data,PMA37 2021_11_04_10_13_07 Cam1,img0744129.png,,,471.14647328719184,383.5765222801151,541.4863130881095,430.8196983,543.5860097985845,480.16257096197216,243.3293802006376,486.4616610933976,392.4078466443736,492.7607512
labeled-data,PMA37 2021_11_04_10_13_07 Cam1,img0828766.png,569.8322187,378.3272805039272,477.4455634186172,403.52364102962906,544.6358581538221,441.31818181818176,540.4364647328719,482.2622676724473,241.2296834901624,486.4616610933976,387.1586048681857,489.6112061591104
labeled-data,PMA37 2021_11_04_10_13_07 Cam1,img1013149.png,558.2838867719107,353.13091997822534,474.2960183529045,395.1248541877284,539.3866163776343,438.1686368,540.4364647328719,483.3121160276849,240.17983513492493,489.6112061591104,390.30814993389833,493.8105995800606
labeled-data,PMA37 2021_11_04_10_13_07 Cam1,img1213780.png,,,371.4108795,407.72303445057935,537.2869196671592,484.3619643829225,231.7810482930243,489.6112061591104,387.1586048681857,493.8105995800606,,
labeled-data,PMA37 2021_11_04_10_13_07 Cam1,img1416861.png,,,491.0935920367058,389.8756124115405,541.4863130881095,437.1187883972314,534.1373746014464,489.6112061591104,239.12998677968733,489.6112061591104,391.3579983,493.8105995800606
labeled-data,PMA37 2021_11_04_10_13_07 Cam1,img1515423.png,301.0710397387044,400.37409596391626,212.8837778987479,402.47379267439146,238.08013842444973,447.6172719496072,536.2370713119216,484.3619643829225,237.03029006921213,491.7109028695855,386.1087565129481,492.7607512
labeled-data,PMA37 2021_11_04_10_13_07 Cam1,img1518844.png,,,476.3957150633797,393.0251574772533,545.6857065090597,435.0190916867563,535.187223,485.41181273816005,243.3293802006376,487.5115094486352,389.2583015786609,495.91029629053577
labeled-data,PMA37 2021_11_04_10_13_07 Cam1,img1835239.png,476.3957150633797,280.6913834668325,450.1495061824403,382.5266739248775,522.5890426938331,330.03425616299864,539.3866163776343,482.2622676724473,241.2296834901624,489.6112061591104,386.1087565129481,492.7607512
labeled-data,PMA37 2021_11_04_10_13_07 Cam1,img2024728.png,461.6978380900536,378.3272805039272,352.51360914534564,366.77894859631385,390.30814993389833,440.2683334629442,535.187223,485.41181273816005,237.03029006921213,491.7109028695855,385.0589081577105,492.7607512
labeled-data,PMA37 2021_11_04_10_13_07 Cam1,img2190105.png,561.4334318376234,358.3801617544132,472.1963216424293,387.7759157010654,546.7355548642973,437.1187883972314,537.2869196671592,483.3121160276849,234.93059335873704,487.5115094486352,386.1087565129481,489.6112061591104
labeled-data,PMA37 2021_11_04_10_13_07 Cam1,img2225253.png,,,477.4455634186171,400.37409596391626,535.187223,432.9193949762812,538.3367680223967,484.3619643829225,240.17983513492493,493.8105995800606,395.5573917100862,495.91029629053577
labeled-data,PMA37 2021_11_04_10_13_07 Cam1,img2532746.png,311.56952329108015,387.7759157010654,,,245.4290769111128,444.46772688389456,538.3367680223967,484.3619643829225,232.83089664826184,490.6610545143479,390.30814993389833,493.8105995800606
labeled-data,PMA37 2021_11_04_10_13_07 Cam1,img2697454.png,,,420.75375223578806,187.2548798506882,481.6449568395676,144.21109728594757,541.4863130881095,488.5613578038728,240.17983513492493,489.6112061591104,390.30814993389833,493.8105995800606
labeled-data,PMA37 2021_11_04_10_13_07 Cam1,img2705256.png,,,,,,,540.4364647328719,486.4616610933976,240.17983513492493,490.6610545143479,390.30814993389833,496.96014464577337
labeled-data,PMA37 2021_11_04_10_13_07 Cam2,img0133849.png,277.9743759234776,347.88167820203745,148.8430282292557,264.94365813826886,155.1421183606812,412.9722762267672,602.3775176918889,513.7577183295746,139.3943930321175,512.70787,373.5105762500971,516.9072633952874
labeled-data,PMA37 2021_11_04_10_13_07 Cam2,img0161588.png,213.9336262539855,342.6324364258496,56.456372968348944,326.8847110972859,138.3445446768799,443.41787852865696,598.1781242709386,511.6580216190994,142.54393809783028,516.9072633952874,370.3610311843844,513.7577183295746
labeled-data,PMA37 2021_11_04_10_13_07 Cam2,img0327254.png,,,512.0905591414573,366.77894859631385,617.0753947,439.2184851077066,600.2778209814137,513.7577183295746,133.09530290069205,516.9072633952874,369.3111828291468,519.0069601057625
labeled-data,PMA37 2021_11_04_10_13_07 Cam2,img0381938.png,232.83089664826184,347.88167820203745,64.85515981024957,309.0372890582471,148.8430282292557,437.1187883972314,599.2279726261762,511.6580216190994,135.1949996111672,514.8075666848122,364.0619410529589,514.8075666848122
labeled-data,PMA37 2021_11_04_10_13_07 Cam2,img1129157.png,210.78408118827275,344.7321331363247,54.35667626,338.4330430048993,135.1949996111672,452.86651372579513,595.0285792052258,506.40877984291154,141.49408974259268,515.8574150400498,371.4108795,514.8075666848122
labeled-data,PMA37 2021_11_04_10_13_07 Cam2,img1140198.png,465.8972315,355.2306166887005,290.5725561863286,335.28349793918653,356.7130025662959,459.1656038572206,595.0285792052258,516.9072633952874,134.14515125592965,513.7577183295746,365.1117894081965,511.6580216190994
labeled-data,PMA37 2021_11_04_10_13_07 Cam2,img1158881.png,667.4681157166186,295.38926044015864,516.2899525624076,354.18076833346294,622.3246364414028,430.8196983,597.1282759,506.40877984291154,139.3943930321175,511.6580216190994,367.2114861186717,515.8574150400498
labeled-data,PMA37 2021_11_04_10_13_07 Cam2,img1502693.png,205.5348394120849,335.28349793918653,51.20713119216106,331.08410451823624,136.2448479664048,443.41787852865696,596.0784275604634,507.45862819814914,137.2946963216424,511.6580216190994,367.2114861186717,508.5084765533867
labeled-data,PMA37 2021_11_04_10_13_07 Cam2,img1505372.png,234.93059335873704,342.6324364258496,81.65273349405078,339.4828913601368,139.3943930321175,429.7698499105685,593.9787308499883,503.2592347771988,137.2946963216424,508.5084765533867,368.2613344739093,507.45862819814914
labeled-data,PMA37 2021_11_04_10_13_07 Cam2,img1654591.png,,,523.6388910490706,336.33334629442413,611.8261528890271,432.9193949762812,597.1282759,509.5583249086243,138.3445446768799,511.6580216190994,367.2114861186717,511.6580216190994
labeled-data,PMA37 2021_11_04_10_13_07 Cam2,img1692097.png,502.6419239443191,355.2306166887005,315.76891671203043,317.4360759001477,,,596.0784275604634,507.45862819814914,133.09530290069205,507.45862819814914,364.0619410529589,505.3589315
labeled-data,PMA37 2021_11_04_10_13_07 Cam2,img1821390.png,668.5179640718562,274.3922933354071,512.0905591414573,340.5327397153744,624.4243332,415.0719729372424,592.9288824947507,500.1096897114861,130.9956061902169,505.3589315,365.1117894081965,503.2592347771988
labeled-data,PMA37 2021_11_04_10_13_07 Cam2,img1883353.png,689.5149311766078,307.98744070300955,514.1902558519324,342.6324364258496,608.6766078233144,436.0689400419938,597.1282759,504.3090831324364,138.3445446768799,504.3090831324364,369.3111828291468,506.40877984291154
labeled-data,PMA37 2021_11_04_10_13_07 Cam2,img2008164.png,229.6813515825491,339.4828913601368,72.2040983,277.5418384011198,121.54697099307872,430.8196983,599.2279726261761,508.50847655338674,144.64363480830542,511.6580216190994,367.2114861186717,510.6081732638619
labeled-data,PMA37 2021_11_04_10_13_07 Cam2,img2347144.png,650.6705420328175,283.84092853254526,517.3398009176452,343.6822847810872,613.9258495995023,422.4209114239054,600.2778209814137,506.40877984291154,136.2448479664048,508.5084765533867,370.3610311843844,506.40877984291154
labeled-data,PMA37 2021_11_04_10_13_07 Cam2,img2359666.png,,,,,,,597.1282759,506.40877984291154,129.9457578349793,509.5583249086243,363.0120926977214,509.5583249086243
labeled-data,PMA37 2021_11_04_10_13_07 Cam2,img2403301.png,231.7810482930243,333.1838012287114,47.00773777121077,312.18683412395984,140.44424138735508,451.8166653705576,593.9787308499883,505.3589315,141.49408974259268,506.40877984291154,372.4607278948596,506.40877984291154
labeled-data,PMA37 2021_11_04_10_13_07 Cam2,img2580736.png,310.51967493584254,322.6853176763356,230.7311999377867,175.70654794307484,172.9895404,300.63850221634647,591.8790341395131,504.3090831324364,137.2946963216424,507.45862819814914,367.2114861186717,508.5084765533867
labeled-data,PMA37 2021_11_04_10_13_07 Cam2,img2644272.png,656.9696321642429,281.7412318220701,505.7914690100319,342.6324364258496,605.5270627576016,426.6203048448557,600.2778209814137,504.3090831324364,135.1949996111672,501.15953806672366,363.0120926977213,510.6081732638619
labeled-data,PMA37 2021_11_04_10_13_07 Cam2,img2708162.png,,,,,,,599.2279726261762,506.40877984291154,140.44424138735508,508.5084765533867,367.2114861186717,504.3090831324364
labeled-data,PMA37 2021_11_12_10_13_39 Cam1,img0128120.png,,,485.8443502605179,393.0251574772533,542.5361614,441.31818181818176,535.187223,488.5613578038728,239.12998677968733,489.6112061591104,389.2583015786609,494.8604479352982
labeled-data,PMA37 2021_11_12_10_13_39 Cam1,img0217563.png,,,474.2960183529045,376.2275838,529.9379811804961,432.9193949762812,536.2370713119216,484.3619643829225,237.03029006921213,488.5613578038728,391.3579983,493.8105995800606
labeled-data,PMA37 2021_11_12_10_13_39 Cam1,img0332109.png,505.7914690100319,345.7819814915623,413.4048137491251,381.4768255696399,485.8443502605179,407.72303445057935,542.5361614,486.4616610933976,237.03029006921213,490.6610545143479,388.2084532234233,494.8604479352982
labeled-data,PMA37 2021_11_12_10_13_39 Cam1,img0445371.png,445.9501127614899,369.92849366202654,336.7658838,370.97834201726414,382.95921144723536,440.2683334629442,538.3367680223967,485.41181273816005,238.08013842444973,487.5115094486352,386.1087565129481,490.6610545143479
labeled-data,PMA37 2021_11_12_10_13_39 Cam1,img0522637.png,,,487.944047,381.4768255696399,541.4863130881095,445.5175752391321,541.4863130881095,484.3619643829225,241.2296834901624,490.6610545143479,391.3579983,492.7607512
labeled-data,PMA37 2021_11_12_10_13_39 Cam1,img0686621.png,557.2340384166731,369.92849366202654,472.1963216424293,389.8756124115405,527.8382844700209,441.31818181818176,539.3866163776343,486.4616610933976,237.03029006921213,490.6610545143479,387.1586048681857,494.8604479352982
labeled-data,PMA37 2021_11_12_10_13_39 Cam1,img0973861.png,568.7823703242865,389.8756124115405,484.7945019052803,398.2743992534412,536.2370713119216,447.6172719496072,533.0875262462088,486.4616610933976,239.12998677968733,487.5115094486352,388.20845322342313,498.0099930010109
labeled-data,PMA37 2021_11_12_10_13_39 Cam1,img1069111.png,571.9319153899992,379.3771288591647,482.6948051948051,397.2245508982036,540.4364647328719,441.31818181818176,537.2869196671592,483.3121160276849,239.12998677968733,489.6112061591104,390.30814993389833,494.8604479352982
labeled-data,PMA37 2021_11_12_10_13_39 Cam1,img1279918.png,564.5829769033361,382.5266739248775,470.09662493195424,385.6762189905902,535.187223,438.1686368,536.2370713119216,482.2622676724473,238.08013842444973,486.4616610933976,387.1586048681857,493.8105995800606
labeled-data,PMA37 2021_11_12_10_13_39 Cam1,img1446043.png,475.3458667081421,365.72910024107625,372.4607278948596,359.4300101096508,424.95314565673846,424.52060813438055,535.187223,482.2622676724473,237.03029006921213,486.4616610933976,385.0589081577105,492.7607512
labeled-data,PMA37 2021_11_12_10_13_39 Cam1,img1476836.png,408.1555719729372,379.3771288591647,312.61937164631775,384.6263706353526,368.2613344739093,442.36803017341936,537.2869196671592,483.3121160276849,237.03029006921213,488.5613578038728,386.1087565129481,491.7109028695855
labeled-data,PMA37 2021_11_12_10_13_39 Cam1,img1591118.png,293.7221012520413,399.3242476086787,205.5348394120849,388.8257640563029,239.12998677968733,452.86651372579513,536.2370713119216,488.5613578038728,243.3293802006376,492.7607512,388.2084532234233,495.91029629053577
labeled-data,PMA37 2021_11_12_10_13_39 Cam1,img1758364.png,295.8217979625165,404.57348938486655,207.6345361,398.2743992534412,234.93059335873704,448.6671203048448,536.2370713119216,487.5115094486352,241.2296834901624,490.6610545143479,382.95921144723536,494.8604479352982
labeled-data,PMA37 2021_11_12_10_13_39 Cam1,img1778428.png,461.6978380900536,352.08107162298774,356.7130025662959,362.5795551753636,411.3051170386499,406.67318609534175,535.187223,483.3121160276849,240.17983513492493,487.5115094486352,387.1586048681857,498.0099930010109
labeled-data,PMA37 2021_11_12_10_13_39 Cam1,img1950955.png,706.3125049,432.9193949762812,637.0225134147289,349.9813749125126,618.1252430204526,424.52060813438055,535.187223,486.4616610933976,242.2795318,487.5115094486352,388.2084532234233,494.8604479352982
labeled-data,PMA37 2021_11_12_10_13_39 Cam1,img1979376.png,,,476.3957150633797,391.9753091220157,545.6857065090597,442.36803017341936,539.3866163776343,485.41181273816005,239.12998677968733,488.5613578038728,391.3579983,494.8604479352982
labeled-data,PMA37 2021_11_12_10_13_39 Cam1,img2122450.png,331.5166420405941,364.67925188583865,241.2296834901624,348.93152655727505,288.4728594758534,419.2713663581927,535.187223,484.3619643829225,238.08013842444973,488.5613578038728,389.2583015786609,498.0099930010109
labeled-data,PMA37 2021_11_12_10_13_39 Cam1,img2213341.png,295.8217979625165,398.2743992534412,207.6345361,391.9753091220157,242.2795318,452.86651372579513,538.3367680223967,484.3619643829225,228.63150322731155,490.6610545143479,389.2583015786609,492.7607512
labeled-data,PMA37 2021_11_12_10_13_39 Cam1,img2269317.png,293.7221012520413,390.9254607667781,212.8837778987479,386.7260673458278,240.17983513492493,453.91636208103273,538.3367680223967,487.5115094486352,233.88074500349944,490.6610545143479,388.2084532234233,496.96014464577337
labeled-data,PMA37 2021_11_12_10_13_39 Cam1,img2612641.png,381.90936309199776,372.02819037250174,286.3731627653783,343.6822847810872,317.86861342250563,406.67318609534175,537.2869196671592,485.41181273816005,239.12998677968733,488.5613578038728,386.1087565129481,491.7109028695855
labeled-data,PMA37 2021_11_12_10_13_39 Cam2,img0001954.png,223.38226145112367,294.33941208492104,66.95485652072472,293.28956372968344,147.7931798740181,411.9224278715296,571.9319153899992,508.5084765533867,121.54697099307872,519.0069601057625,355.6631542110583,512.70787
labeled-data,PMA37 2021_11_12_10_13_39 Cam2,img0120217.png,227.58165487207395,334.23364958394893,68.00470487596232,285.9406252430204,109.99863908546536,426.6203048448557,581.3805505871373,512.70787,132.0454545454545,516.9072633952874,352.51360914534564,517.9571117505249
labeled-data,PMA37 2021_11_12_10_13_39 Cam2,img0179890.png,380.85951473676016,289.09017030873315,232.83089664826184,340.5327397153744,337.8157321720196,414.0221245820048,586.6297923633252,516.9072633952874,129.9457578349793,525.3060502,348.3142157243953,520.0568084610001
labeled-data,PMA37 2021_11_12_10_13_39 Cam2,img0520161.png,660.1191772299557,312.18683412395984,499.4923788786064,320.58562096586047,589.7793374290379,429.7698499105685,582.4303989,509.5583249086243,125.74636441402902,525.3060502,351.46376079010804,522.1565051714751
labeled-data,PMA37 2021_11_12_10_13_39 Cam2,img0546310.png,439.6510226300645,328.98440780776104,260.1269538844389,323.7351660315732,346.2145190139201,435.0190916867563,585.5799440080876,513.7577183295746,119.4472742826036,523.2063535267127,356.7130025662959,517.9571117505249
labeled-data,PMA37 2021_11_12_10_13_39 Cam2,img0597546.png,314.71906835679283,284.89077688778286,147.7931798740181,312.18683412395984,249.6284703320631,393.0251574772533,579.2808538766621,513.7577183295746,124.69651605879142,522.1565051714751,364.0619410529589,522.1565051714751
labeled-data,PMA37 2021_11_12_10_13_39 Cam2,img0641853.png,444.9002644062524,345.7819814915623,305.27043315965466,326.8847110972859,351.46376079010804,435.0190916867563,582.4303989,511.6580216190994,118.3974259,520.0568084610001,360.9123959872462,516.9072633952874
labeled-data,PMA37 2021_11_12_10_13_39 Cam2,img0703993.png,186.6375690178085,356.2804650439381,37.55910257,341.5825881,113.1481841511781,458.1157555,575.0814604557119,511.6580216190994,122.59681934831627,517.9571117505249,357.7628509215335,515.8574150400498
labeled-data,PMA37 2021_11_12_10_13_39 Cam2,img0724761.png,186.6375690178085,355.2306166887005,34.40955750835985,323.7351660315732,89.00167198071381,449.7169686600824,583.4802472976126,511.6580216190994,120.49712263784112,524.2562018819503,351.46376079010804,520.0568084610001
labeled-data,PMA37 2021_11_12_10_13_39 Cam2,img1039636.png,655.9197838090053,319.53577261062287,503.6917722995567,349.9813749125126,581.3805505871373,448.6671203048448,583.4802472976126,512.70787,124.69651605879147,520.0568084610001,353.56345750058324,512.70787
labeled-data,PMA37 2021_11_12_10_13_39 Cam2,img1043079.png,583.4802472976126,59.17338051170384,570.8820670347616,243.94669103351737,,,586.6297923633252,516.9072633952874,124.69651605879142,523.2063535267127,351.46376079010804,517.9571117505249
labeled-data,PMA37 2021_11_12_10_13_39 Cam2,img1167881.png,190.8369624387588,357.3303133991756,43.85819270549803,338.4330430048993,112.0983357959405,462.3151489229333,585.5799440080876,512.70787,124.69651605879142,519.0069601057625,349.36406407963284,521.1066568162377
labeled-data,PMA37 2021_11_12_10_13_39 Cam2,img1575315.png,660.1191772299557,322.6853176763356,500.5422272,348.93152655727505,585.5799440080876,449.7169686600824,579.2808538766621,516.9072633952874,119.4472742826036,524.2562018819503,349.36406407963284,521.1066568162377
labeled-data,PMA37 2021_11_12_10_13_39 Cam2,img1647015.png,539.3866163776343,330.03425616299864,349.36406407963284,292.2397153744459,422.85344894626326,421.3710630686678,584.5300957,514.8075666848122,120.49712263784112,524.2562018819503,345.1646706586825,521.1066568162377
labeled-data,PMA37 2021_11_12_10_13_39 Cam2,img2036081.png,183.48802395209577,348.93152655727505,35.45940586,341.5825881,116.29772921689084,460.21545221245816,582.4303989,515.8574150400498,118.3974259,521.1066568162377,349.3640640796329,521.1066568162377
labeled-data,PMA37 2021_11_12_10_13_39 Cam2,img2161687.png,232.83089664826184,268.09320320398155,72.2040983,283.84092853254526,177.1889338206703,379.3771288591647,577.1811571661871,516.9072633952874,119.4472742826036,522.1565051714751,354.6133058558207,521.1066568162377
labeled-data,PMA37 2021_11_12_10_13_39 Cam2,img2397701.png,196.0862042149467,345.7819814915623,42.80834435026043,298.5388055058713,103.69954895403993,433.9692433315188,582.4303989,513.7577183295746,120.49712263784112,521.1066568162377,354.6133058558207,515.8574150400498
labeled-data,PMA37 2021_11_12_10_13_39 Cam2,img2694846.png,660.1191772299557,310.0871374134847,501.5920755890816,338.4330430048993,588.7294890738004,441.31818181818176,580.3307022318997,514.8075666848122,124.69651605879142,522.1565051714751,349.36406407963284,521.1066568162377
labeled-data,PMA37 2021_11_12_10_13_39 Cam2,img2818485.png,643.3216035461544,318.48592425538527,503.6917722995567,346.83182984679985,588.7294890738004,449.7169686600824,578.2310055214247,511.6580216190994,120.49712263784112,519.0069601057625,348.3142157243953,515.8574150400498
labeled-data,PMA37 2021_11_12_10_13_39 Cam2,img2825466.png,616.0255463099774,302.73819892682167,461.6978380900536,269.1430515592192,497.3926821681312,383.5765222801151,580.3307022318997,515.8574150400498,121.54697099307872,525.3060502,350.41391243487044,517.9571117505249
labeled-data,PMA37 2021_11_26_10_38_43 Cam1,img0257577.png,443.8504160510148,393.0251574772533,339.91542888249467,381.4768255696399,379.80966638152256,456.0160587915079,527.8382844700209,487.5115094486352,226.5318065168364,483.3121160276849,381.90936309199776,491.7109028695855
labeled-data,PMA37 2021_11_26_10_38_43 Cam1,img0402635.png,,,,,,,,,,,,
labeled-data,PMA37 2021_11_26_10_38_43 Cam1,img0481101.png,,,,,,,,,,,,
labeled-data,PMA37 2021_11_26_10_38_43 Cam1,img0585444.png,,,,,,,,,,,,
labeled-data,PMA37 2021_11_26_10_38_43 Cam1,img0648675.png,,,,,,,,,,,,
labeled-data,PMA37 2021_11_26_10_38_43 Cam1,img0676933.png,,,,,,,,,,,,
labeled-data,PMA37 2021_11_26_10_38_43 Cam1,img0714153.png,,,,,,,,,,,,
labeled-data,PMA37 2021_11_26_10_38_43 Cam1,img0735913.png,,,,,,,,,,,,
labeled-data,PMA37 2021_11_26_10_38_43 Cam1,img1168826.png,,,,,,,,,,,,
labeled-data,PMA37 2021_11_26_10_38_43 Cam1,img1239048.png,,,,,,,,,,,,
labeled-data,PMA37 2021_11_26_10_38_43 Cam1,img1434980.png,,,,,,,,,,,,
labeled-data,PMA37 2021_11_26_10_38_43 Cam1,img1469465.png,,,,,,,,,,,,
labeled-data,PMA37 2021_11_26_10_38_43 Cam1,img1513842.png,,,,,,,,,,,,
labeled-data,PMA37 2021_11_26_10_38_43 Cam1,img2391958.png,,,,,,,,,,,,
labeled-data,PMA37 2021_11_26_10_38_43 Cam1,img2399916.png,,,,,,,,,,,,
labeled-data,PMA37 2021_11_26_10_38_43 Cam1,img2428773.png,,,,,,,,,,,,
labeled-data,PMA37 2021_11_26_10_38_43 Cam1,img2690056.png,,,,,,,,,,,,
labeled-data,PMA37 2021_11_26_10_38_43 Cam1,img2987578.png,,,,,,,,,,,,
labeled-data,PMA37 2021_11_26_10_38_43 Cam1,img3132360.png,,,,,,,,,,,,
labeled-data,PMA37 2021_11_26_10_38_43 Cam1,img3381678.png,,,,,,,,,,,,
labeled-data,PMA37 2021_11_26_10_38_43 Cam2,img0079694.png,401.8564818415117,301.68835057158407,248.5786219768255,317.4360759001477,321.0181584882183,433.9692433315188,604.4772144023641,521.1066568162377,138.3445446768799,528.4555953029006,372.4607278948596,528.4555953029006
labeled-data,PMA37 2021_11_26_10_38_43 Cam2,img0101683.png,200.28559763589695,364.67925188583865,62.75546309977443,363.6294035306011,122.59681934831627,454.9662104362703,592.9288824947507,525.3060502,135.1949996111672,527.4057469,373.5105762500972,526.3558985924255
labeled-data,PMA37 2021_11_26_10_38_43 Cam2,img0133918.png,655.9197838090053,323.7351660315732,533.0875262462088,358.3801617544132,621.2747880861652,454.9662104362703,601.3276693366513,525.3060502,144.64363480830542,522.1565051714751,371.4108795,528.4555953029006
labeled-data,PMA37 2021_11_26_10_38_43 Cam2,img0150687.png,575.0814604557119,320.58562096586047,410.2552686834123,278.5916867563574,446.9999611167275,393.0251574772533,597.1282759,525.3060502,139.3943930321175,525.3060502,365.1117894081965,526.3558985924255
labeled-data,PMA37 2021_11_26_10_38_43 Cam2,img0229575.png,474.2960183529045,359.4300101096508,306.32028151489226,352.08107162298774,371.4108795,465.4646939886461,595.0285792052258,523.2063535267127,129.9457578349793,524.2562018819503,375.6102729605723,520.0568084610001
labeled-data,PMA37 2021_11_26_10_38_43 Cam2,img0420831.png,104.74939730927748,374.1278870829768,,,,,599.2279726261762,515.8574150400498,147.7931798740181,521.1066568162377,371.4108795,517.9571117505249
labeled-data,PMA37 2021_11_26_10_38_43 Cam2,img0543287.png,656.9696321642429,324.7850143868108,534.1373746014464,353.13091997822534,616.0255463099774,457.0659071467454,601.3276693366513,519.0069601057625,141.49408974259268,520.0568084610001,372.4607278948596,522.1565051714753
labeled-data,PMA37 2021_11_26_10_38_43 Cam2,img0824640.png,651.7203904,320.58562096586047,507.8911657205069,375.1777354382144,601.3276693366513,449.7169686600824,596.0784275604634,513.7577183295746,141.49408974259268,521.1066568162377,370.3610311843844,521.1066568162377
labeled-data,PMA37 2021_11_26_10_38_43 Cam2,img0843070.png,689.5149311766078,140.01170386499723,620.2249397309276,271.24274826969435,,,598.1781242709386,510.6081732638619,138.3445447,520.0568084610001,367.2114861186717,515.8574150400498
labeled-data,PMA37 2021_11_26_10_38_43 Cam2,img1153343.png,,,,,,,592.9288824947507,517.9571117505249,141.49408974259268,525.3060502,366.1616377634341,524.2562018819503
labeled-data,PMA37 2021_11_26_10_38_43 Cam2,img1267200.png,491.0935920367058,314.2865308,310.51967493584254,309.0372890582471,381.90936309199776,421.3710630686678,598.1781242709386,513.7577183295746,139.3943930321175,524.2562018819503,369.3111828291468,526.3558985924255
labeled-data,PMA37 2021_11_26_10_38_43 Cam2,img1601677.png,,,,,,,597.1282759,521.1066568162377,142.54393809783028,521.1066568162377,369.3111828291468,526.3558985924255
labeled-data,PMA37 2021_11_26_10_38_43 Cam2,img1669357.png,665.3684190061435,304.8378956372968,526.7884361147834,354.18076833346294,604.4772144023641,458.1157555,597.1282759,514.8075666848122,141.49408974259268,522.1565051714751,367.2114861186717,523.2063535267127
labeled-data,PMA37 2021_11_26_10_38_43 Cam2,img1748656.png,,,,,,,596.0784275604634,519.0069601057625,141.49408974259268,523.2063535267127,365.1117894081965,521.1066568162377
labeled-data,PMA37 2021_11_26_10_38_43 Cam2,img1870966.png,577.1811571661871,254.44517458589317,418.65405552531297,318.48592425538527,528.8881328252585,382.5266739248775,599.2279726261762,515.8574150400498,141.49408974259268,520.0568084610001,370.3610311843844,523.2063535267127
labeled-data,PMA37 2021_11_26_10_38_43 Cam2,img1945108.png,593.9787308499883,312.18683412395984,427.0528423672136,327.9345594525235,534.1373746014464,421.3710630686678,595.0285792052258,515.8574150400498,140.44424138735508,527.4057469,363.0120926977214,522.1565051714751
labeled-data,PMA37 2021_11_26_10_38_43 Cam2,img3143747.png,267.47589237110185,355.2306166887005,112.0983357959405,293.28956372968344,149.8928765844933,438.1686368,595.0285792052258,519.0069601057625,145.69348316354296,521.1066568162377,368.2613344739093,521.1066568162377
labeled-data,PMA37 2021_11_26_10_38_43 Cam2,img3172217.png,,,192.93665914923395,318.48592425538527,319.9683101329807,391.9753091220157,599.2279726261762,514.8075666848122,136.2448479664048,517.9571117505249,360.9123959872462,519.0069601057625
labeled-data,PMA37 2021_11_26_10_38_43 Cam2,img3281423.png,,,,,,,595.0285792052258,513.7577183295746,137.2946963216424,521.1066568162377,364.0619410529589,522.1565051714751
labeled-data,PMA37 2021_11_26_10_38_43 Cam2,img3357852.png,,,527.8382844700209,346.83182984679985,605.5270627576016,458.1157555,598.1781242709386,519.0069601057625,141.49408974259268,523.2063535267127,367.2114861186717,519.0069601057625
labeled-data,PMA37 2022_01_05_10_12_11 Cam1,img0045209.png,229.6813515825491,381.4768255696399,154.0922700054436,370.97834201726414,182.43817559685817,435.0190916867563,476.3957150633797,487.5115094486352,181.38832724162057,480.16257096197216,326.2674002644062,486.4616610933976
labeled-data,PMA37 2022_01_05_10_12_11 Cam1,img0051856.png,487.944047,349.9813749125126,424.95314565673846,361.5297068,476.3957150633797,422.4209114239054,473.2461699976669,489.6112061591104,181.38832724162057,472.8136324753091,325.2175519091686,486.4616610933976
labeled-data,PMA37 2022_01_05_10_12_11 Cam1,img0095578.png,386.1087565129481,357.3303133991756,303.17073644917946,356.2804650439381,347.2643673691577,438.1686368,478.4954117738548,486.4616610933976,178.2387821759079,471.7637841200715,333.6163387510692,485.41181273816005
labeled-data,PMA37 2022_01_05_10_12_11 Cam1,img0102915.png,513.1404074966948,364.67925188583865,446.9999611167275,373.0780387277393,491.0935920367058,435.0190916867563,480.5951085,490.6610545143479,180.33847888638303,474.9133291857843,330.4667936853565,488.5613578038728
labeled-data,PMA37 2022_01_05_10_12_11 Cam1,img0242581.png,233.88074500349944,378.3272805039272,154.0922700054436,374.1278870829768,188.7372657282836,432.9193949762812,475.3458667081421,492.7607512,182.43817559685817,473.8634808305467,328.3670969748813,484.3619643829225
labeled-data,PMA37 2022_01_05_10_12_11 Cam1,img0284065.png,,,,,,,479.5452601290924,489.6112061591104,178.2387821759079,471.7637841200715,330.4667936853565,485.41181273816005
labeled-data,PMA37 2022_01_05_10_12_11 Cam1,img0422065.png,380.85951473676016,351.0312232677502,293.7221012520413,353.13091997822534,351.46376079010804,419.2713663581927,477.4455634186172,487.5115094486352,180.33847888638303,473.8634808305467,331.5166420405941,484.3619643829225
labeled-data,PMA37 2022_01_05_10_12_11 Cam1,img0691743.png,514.1902558519324,393.0251574772533,421.80360059102566,394.0750058324908,471.14647328719184,448.6671203048448,475.3458667081421,490.6610545143479,182.43817559685817,471.7637841200715,332.5664903958316,486.4616610933976
labeled-data,PMA37 2022_01_05_10_12_11 Cam1,img0881422.png,512.0905591414573,393.0251574772533,426.002994,390.9254607667781,472.1963216424293,449.7169686600824,472.1963216424293,486.4616610933976,175.08923711019514,471.7637841200715,325.2175519091686,485.41181273816005
labeled-data,PMA37 2022_01_05_10_12_11 Cam1,img1203341.png,238.08013842444973,377.2774321486896,,,181.38832724162057,430.8196983,474.2960183529045,488.5613578038728,177.1889338206703,473.8634808305467,326.2674002644062,486.4616610933976
labeled-data,PMA37 2022_01_05_10_12_11 Cam1,img1322759.png,,,,,,,480.5951085,490.6610545143479,179.28863053114543,472.8136324753091,327.3172486196438,486.4616610933976
labeled-data,PMA37 2022_01_05_10_12_11 Cam1,img1451318.png,514.1902558519324,373.0780387277393,428.1026907224512,375.1777354382144,472.1963216424293,446.5674235943696,472.1963216424293,487.5115094486352,180.33847888638303,472.8136324753091,326.2674002644062,488.5613578038728
labeled-data,PMA37 2022_01_05_10_12_11 Cam1,img1540872.png,384.00905980247296,385.6762189905902,296.8716463177541,377.2774321486896,334.6661871063068,444.46772688389456,476.3957150633797,484.3619643829225,177.1889338206703,471.7637841200715,323.1178551986934,484.3619643829225
labeled-data,PMA37 2022_01_05_10_12_11 Cam1,img1845528.png,,,,,,,477.4455634186172,489.6112061591104,179.28863053114543,475.9631775410218,327.3172486196438,488.5613578038728
labeled-data,PMA37 2022_01_05_10_12_11 Cam1,img1921967.png,234.93059335873704,379.3771288591647,139.3943930321175,369.92849366202654,177.1889338206703,429.7698499105685,474.2960183529045,491.7109028695855,179.28863053114543,473.8634808305467,328.3670969748813,489.6112061591104
labeled-data,PMA37 2022_01_05_10_12_11 Cam1,img2061830.png,238.08013842444973,373.0780387277393,,,182.43817559685817,426.6203048448557,477.4455634186172,489.6112061591104,182.43817559685817,475.9631775410218,327.3172486196438,486.4616610933976
labeled-data,PMA37 2022_01_05_10_12_11 Cam1,img2215682.png,,,434.40178085387663,377.2774321486896,486.8941986157554,443.41787852865696,478.4954117738548,486.4616610933976,181.38832724162057,470.71393576483393,329.4169453301189,486.4616610933976
labeled-data,PMA37 2022_01_05_10_12_11 Cam1,img2274579.png,516.2899525624076,349.9813749125126,429.1525390776888,346.83182984679985,472.1963216424293,411.9224278715296,475.3458667081421,491.7109028695855,182.43817559685817,472.8136324753091,327.3172486196438,486.4616610933976
labeled-data,PMA37 2022_01_05_10_12_11 Cam1,img2306566.png,503.6917722995567,332.1339528734738,411.3051170386499,312.18683412395984,455.3987479586282,372.02819037250174,480.5951085,487.5115094486352,180.33847888638303,472.8136324753091,326.2674002644062,489.6112061591104
labeled-data,PMA37 2022_01_05_10_12_11 Cam1,img2435661.png,,,,,,,482.6948051948051,492.7607512248232,179.28863053114543,475.9631775410218,329.4169453,487.5115094486352
labeled-data,PMA37 2022_01_05_10_12_11 Cam2,img0017902.png,163.54090520258177,275.44214169064463,21.811377245508936,341.5825881,135.1949996111672,406.67318609534175,592.9288824947507,516.9072633952874,130.9956061902169,516.9072633952874,359.8625476320086,520.0568084610001
labeled-data,PMA37 2022_01_05_10_12_11 Cam2,img0026025.png,672.7173574928065,312.18683412395984,518.3896492728827,324.7850143868108,597.1282759,427.6701532000933,597.1282759,512.70787,133.09530290069205,514.8075666848122,360.9123959872462,512.70787
labeled-data,PMA37 2022_01_05_10_12_11 Cam2,img0209894.png,,,,,,,,,134.14515125592965,519.0069601057625,359.8625476320086,520.0568084610001
labeled-data,PMA37 2022_01_05_10_12_11 Cam2,img0421166.png,186.6375690178085,341.5825881,,,114.1980325064157,448.6671203048448,587.6796407185628,519.0069601057625,132.0454545454545,521.1066568162377,365.1117894081965,519.0069601057625
labeled-data,PMA37 2022_01_05_10_12_11 Cam2,img0586772.png,667.4681157166186,321.6354693,523.6388910490706,340.5327397153744,593.9787308499883,450.766817,589.7793374290379,514.8075666848122,132.0454545454545,516.9072633952874,360.9123959872462,516.9072633952874
labeled-data,PMA37 2022_01_05_10_12_11 Cam2,img1038323.png,686.3653861108951,320.58562096586047,527.8382844700209,319.53577261062287,597.1282759,442.36803017341936,592.9288824947507,513.7577183295746,137.2946963216424,517.9571117505249,356.7130025662959,517.9571117505249
labeled-data,PMA37 2022_01_05_10_12_11 Cam2,img1044400.png,587.6796407185627,283.84092853254526,436.5014775643517,208.25184695543976,438.6011742748269,343.6822847810872,590.8291857842755,514.8075666848122,130.9956061902169,516.9072633952874,359.8625476320086,516.9072633952874
labeled-data,PMA37 2022_01_05_10_12_11 Cam2,img1209181.png,202.3852943463721,347.88167820203745,62.75546309977443,291.1898670192083,93.20106540166417,429.7698499105685,595.0285792052258,510.6081732638619,136.2448479664048,515.8574150400498,364.0619411,517.9571118
labeled-data,PMA37 2022_01_05_10_12_11 Cam2,img1464479.png,441.7507193405396,279.6415351,277.9743759234776,322.6853176763356,375.6102729605723,417.1716696477175,592.9288824947507,515.8574150400498,133.09530290069205,522.1565051714753,356.7130025662958,521.1066568162377
labeled-data,PMA37 2022_01_05_10_12_11 Cam2,img1611174.png,198.18590092542183,351.0312232677502,58.55606967882409,319.53577261062287,120.49712263784112,459.1656038572206,592.9288824947507,515.8574150400498,127.84606112450416,523.2063535267127,364.0619410529589,512.70787
labeled-data,PMA37 2022_01_05_10_12_11 Cam2,img1680311.png,697.9137180185085,163.10836768022392,565.6328252585737,108.51625320786997,,,589.7793374290379,515.8574150400498,133.09530290069205,516.9072633952874,356.7130025662959,520.0568084610001
labeled-data,PMA37 2022_01_05_10_12_11 Cam2,img1839035.png,192.93665914923395,333.1838012287114,50.15728283692352,301.68835057158407,111.04848744070296,436.0689400419938,586.6297923633252,515.8574150400498,122.59681934831627,521.1066568162377,358.8126992767711,521.1066568162377
labeled-data,PMA37 2022_01_05_10_12_11 Cam2,img1893083.png,184.5378723073333,327.9345594525235,33.35970915312225,307.98744070300955,106.8490940197526,439.2184851077066,592.9288824947507,516.9072633952874,129.9457578349793,517.9571117505249,356.7130025662959,515.8574150400498
labeled-data,PMA37 2022_01_05_10_12_11 Cam2,img1954914.png,195.0363558597091,346.83182984679985,52.25697954739866,332.1339528734738,117.3475775721284,454.9662104362703,588.7294890738004,509.5583249086243,130.9956061902169,516.9072633952874,353.56345750058324,517.9571117505249
labeled-data,PMA37 2022_01_05_10_12_11 Cam2,img1963517.png,192.93665914923395,343.6822847810872,53.3068279,320.58562096586047,116.29772921689084,458.1157555,588.7294890738004,512.70787,130.9956061902169,522.1565051714751,358.8126992767711,512.70787
labeled-data,PMA37 2022_01_05_10_12_11 Cam2,img2094616.png,217.08317131969815,342.6324364258496,61.70561474453683,306.93759234777195,127.84606112450416,431.8695466210436,588.7294890738004,515.8574150400498,129.9457578349793,515.8574150400498,352.51360914534564,513.7577183295746
labeled-data,PMA37 2022_01_05_10_12_11 Cam2,img2208387.png,464.8473831557664,289.09017030873315,293.7221012520413,264.94365813826886,366.1616377634341,393.0251574772533,595.0285792052258,509.5583249086243,132.0454545454545,515.8574150400498,359.8625476320086,515.8574150400498
labeled-data,PMA37 2022_01_05_10_12_11 Cam2,img2303766.png,664.3185706509059,324.7850143868108,520.4893459833579,331.08410451823624,591.8790341395131,444.46772688389456,586.6297923633252,517.9571117505249,129.9457578349793,515.8574150400498,357.7628509215335,514.8075666848122
labeled-data,PMA37 2022_01_05_10_12_11 Cam2,img2330037.png,197.13605257018423,347.88167820203745,,,123.64666770355387,460.21545221245816,591.8790341395131,514.8075666848122,130.9956061902169,519.0069601057625,357.7628509215335,519.0069601057625
labeled-data,PMA37 2022_01_05_10_12_11 Cam2,img2471684.png,,,,,,,588.7294890738004,513.7577183295746,132.0454545454545,522.1565051714751,357.7628509215335,514.8075666848122
labeled-data,PMA37 2022_01_25_09_22_48 Cam1,img0099263.png,555.1343417061979,339.4828913601368,478.4954117738548,382.5266739248775,534.1373746014464,431.8695466210436,538.3367680223967,472.8136324753091,232.83089664826184,470.71393576483393,386.10875651294816,480.16257096197216
labeled-data,PMA37 2022_01_25_09_22_48 Cam1,img0198855.png,555.1343417061979,344.7321331363247,479.5452601290924,383.5765222801151,540.4364647328719,429.7698499105685,535.187223,474.9133291857843,239.12998677968733,470.71393576483393,381.90936309199776,475.9631775410218
labeled-data,PMA37 2022_01_25_09_22_48 Cam1,img0452503.png,551.9847966404852,347.88167820203745,474.2960183529045,382.5266739248775,543.5860097985845,420.3212147134302,535.187223,472.8136324753091,232.83089664826184,470.71393576483393,385.0589081577105,479.11272260673456
labeled-data,PMA37 2022_01_25_09_22_48 Cam1,img0560073.png,445.9501127614899,358.3801617544132,342.01512559296987,348.93152655727505,396.6072400653238,420.3212147134302,529.9379811804961,473.8634808305467,231.7810482930243,474.9133291857843,385.0589081577105,479.11272260673456
labeled-data,PMA37 2022_01_25_09_22_48 Cam1,img0658109.png,547.7854032195349,300.63850221634647,488.9938953262306,352.08107162298774,574.0316121004743,362.5795551753636,534.1373746014464,472.8136324753091,237.03029006921213,474.9133291857843,380.85951473676016,477.01302589625936
labeled-data,PMA37 2022_01_25_09_22_48 Cam1,img0699767.png,522.5890426938331,356.2804650439381,455.3987479586282,373.0780387277393,521.5391943385955,420.3212147134302,535.187223,471.7637841200715,232.83089664826184,474.9133291857843,376.6601213158099,482.2622676724473
labeled-data,PMA37 2022_01_25_09_22_48 Cam1,img0706376.png,,,464.8473831557664,365.72910024107625,526.7884361147834,418.2215180029551,532.0376778909713,471.7637841200715,228.63150322731155,472.8136324753091,379.80966638152256,478.0628742514969
labeled-data,PMA37 2022_01_25_09_22_48 Cam1,img0761501.png,,,471.1464732871917,377.2774321486895,536.2370713119216,427.6701532000933,530.9878295357337,472.8136324753091,231.7810482930243,473.8634808305467,378.7598180262851,479.11272260673456
labeled-data,PMA37 2022_01_25_09_22_48 Cam1,img1034943.png,297.9214946729916,375.1777354382144,,,232.83089664826184,426.6203048448557,532.0376778909713,473.8634808305467,228.63150322731155,471.7637841200715,381.90936309199776,478.06287425149696
labeled-data,PMA37 2022_01_25_09_22_48 Cam1,img1546495.png,296.8716463177541,363.6294035306011,,,240.1798351349248,426.6203048448557,535.187223,474.9133291857843,230.7311999377867,477.01302589625936,380.85951473676016,479.11272260673456
labeled-data,PMA37 2022_01_25_09_22_48 Cam1,img1592488.png,,,471.14647328719184,373.0780387277393,535.187223,419.2713663581927,535.187223,472.8136324753091,231.7810482930243,471.7637841200715,381.90936309199776,480.16257096197216
labeled-data,PMA37 2022_01_25_09_22_48 Cam1,img1606519.png,288.4728594758534,367.8287969515514,,,231.7810482930243,422.4209114239054,528.8881328252585,471.7637841200715,230.7311999377867,478.06287425149696,379.80966638152256,482.2622676724473
labeled-data,PMA37 2022_01_25_09_22_48 Cam1,img1620633.png,,,467.99692822147904,368.8786453,534.1373746014464,423.4707598,532.0376778909713,474.9133291857843,226.5318065168364,471.7637841200715,381.90936309199776,482.2622676724473
labeled-data,PMA37 2022_01_25_09_22_48 Cam1,img1658681.png,331.5166420405941,353.13091997822534,233.88074500349944,332.1339528734738,280.0740726339528,398.2743992534412,532.0376778909713,472.8136324753091,231.7810482930243,475.9631775410218,377.7099696710475,480.16257096197216
labeled-data,PMA37 2022_01_25_09_22_48 Cam1,img1832936.png,286.3731627653783,364.67925188583865,,,237.03029006921213,422.4209114239054,526.7884361147834,475.9631775410218,227.58165487207395,480.16257096197216,382.95921144723536,482.2622676724473
labeled-data,PMA37 2022_01_25_09_22_48 Cam1,img2063838.png,301.0710397387044,380.4269772144023,193.9865075044715,355.2306166887005,233.88074500349944,424.52060813438055,530.9878295357337,471.7637841200715,227.58165487207395,479.11272260673456,386.1087565129481,480.16257096197216
labeled-data,PMA37 2022_01_25_09_22_48 Cam1,img2216571.png,,,488.9938953262306,361.5297068,534.1373746014464,422.4209114239054,533.0875262462088,474.9133291857843,227.58165487207395,471.7637841200715,379.80966638152256,481.2124193172097
labeled-data,PMA37 2022_01_25_09_22_48 Cam1,img2404846.png,297.9214946729916,375.1777354382144,,,234.93059335873704,430.8196983,533.0875262462088,473.8634808305467,230.7311999377867,479.11272260673456,380.85951473676016,480.16257096197216
labeled-data,PMA37 2022_01_25_09_22_48 Cam1,img2439418.png,,,715.7611400575472,230.29866241542885,,,527.8382844700209,474.9133291857843,228.63150322731155,473.8634808305467,382.95921144723536,483.3121160276849
labeled-data,PMA37 2022_01_25_09_22_48 Cam1,img2455251.png,297.9214946729916,375.1777354382144,,,239.12998677968733,425.5704564896181,527.8382844700209,471.7637841200715,228.63150322731155,473.8634808305467,382.95921144723536,479.11272260673456
labeled-data,PMA37 2022_01_25_09_22_48 Cam2,img0129901.png,438.6011742748269,302.73819892682167,255.9275604634886,252.34547787541797,306.32028151489226,367.8287969515514,603.4273660471265,500.1096897114861,144.64363480830542,510.6081732638619,379.80966638152256,506.40877984291154
labeled-data,PMA37 2022_01_25_09_22_48 Cam2,img0156924.png,233.88074500349944,334.23364958394893,66.95485652072472,297.4889571506338,133.09530290069205,430.8196983,604.4772144023641,504.3090831324364,148.8430282292557,508.5084765533867,377.7099696710475,507.45862819814914
labeled-data,PMA37 2022_01_25_09_22_48 Cam2,img0489763.png,,,521.5391943385955,338.4330430048993,632.8231199937786,437.1187883972314,604.4772144023641,508.5084765533867,145.69348316354296,509.5583249086243,373.5105762500972,511.6580216190994
labeled-data,PMA37 2022_01_25_09_22_48 Cam2,img0759265.png,686.3653861108951,317.4360759001477,536.2370713119216,327.9345594525235,616.0255463099774,436.0689400419938,603.4273660471265,506.40877984291154,142.54393809783028,508.5084765533867,380.85951473676016,511.6580216190994
labeled-data,PMA37 2022_01_25_09_22_48 Cam2,img0982989.png,684.2656894004199,313.23668247919744,530.9878295357337,344.7321331363247,623.3744847966404,436.0689400419938,607.6267594680768,504.3090831324364,148.8430282292557,504.3090831324364,379.80966638152256,510.6081732638619
labeled-data,PMA37 2022_01_25_09_22_48 Cam2,img1187259.png,673.7672058480441,305.88774399253435,512.0905591414573,333.1838012287114,612.8760012442647,427.6701532000933,605.5270627576016,505.3589315,151.99257329496845,511.6580216190994,379.80966638152256,507.45862819814914
labeled-data,PMA37 2022_01_25_09_22_48 Cam2,img1206075.png,488.9938953262306,348.93152655727505,334.6661871063068,294.33941208492104,375.6102729605723,424.52060813438055,606.5769111128392,502.20938642196126,145.69348316354296,507.45862819814914,376.6601213158099,508.5084765533867
labeled-data,PMA37 2022_01_25_09_22_48 Cam2,img1379855.png,229.6813515825491,326.8847110972859,76.40349171786289,291.1898670192083,140.44424138735508,419.2713663581927,607.6267594680768,500.1096897114861,141.49408974259268,507.45862819814914,380.85951473676016,508.5084765533867
labeled-data,PMA37 2022_01_25_09_22_48 Cam2,img1407725.png,483.7446535500427,310.0871374134847,311.56952329108015,277.5418384011198,374.5604246053347,393.0251574772533,604.4772144023641,499.0598413562485,147.7931798740181,508.5084765533867,379.80966638152256,509.5583249086243
labeled-data,PMA37 2022_01_25_09_22_48 Cam2,img1431504.png,673.7672058480441,295.38926044015864,528.8881328252585,303.7880472820592,608.6766078233144,404.5734893848666,603.4273660471265,500.1096897114861,143.59378645306782,509.5583249086243,377.7099696710475,508.5084765533867
labeled-data,PMA37 2022_01_25_09_22_48 Cam2,img1457161.png,,,687.4152344661326,279.6415351,,,603.4273660471265,506.40877984291154,150.94272493973085,512.70787,382.95921144723536,505.3589315
labeled-data,PMA37 2022_01_25_09_22_48 Cam2,img1470709.png,,,,,,,603.4273660471265,506.40877984291154,146.74333151878056,517.9571117505249,374.5604246053347,510.6081732638619
labeled-data,PMA37 2022_01_25_09_22_48 Cam2,img1783067.png,217.08317131969815,316.3862275449101,61.70561474453683,275.44214169064463,140.4442413873551,406.67318609534175,604.4772144023641,504.3090831324364,142.54393809783028,511.6580216190994,381.90936309199776,508.5084765533867
labeled-data,PMA37 2022_01_25_09_22_48 Cam2,img1871132.png,,,,,,,603.4273660471265,506.40877984291154,145.69348316354296,509.5583249086243,376.6601213158099,506.40877984291154
labeled-data,PMA37 2022_01_25_09_22_48 Cam2,img1875947.png,227.58165487207395,326.8847110972859,64.85515981024957,283.84092853254526,132.0454545454545,419.2713663581927,603.4273660471265,500.1096897114861,143.59378645306782,508.5084765533867,375.6102729605723,507.45862819814914
labeled-data,PMA37 2022_01_25_09_22_48 Cam2,img1884261.png,473.2461699976669,318.48592425538527,306.32028151489226,324.7850143868108,386.1087565129481,436.0689400419938,603.4273660471265,502.20938642196126,140.44424138735508,507.45862819814914,374.5604246053347,506.40877984291154
labeled-data,PMA37 2022_01_25_09_22_48 Cam2,img2123218.png,231.7810482930243,333.1838012287114,70.10440158643746,291.1898670192083,134.14515125592965,422.4209114239054,599.2279726261762,505.3589315,145.69348316354296,507.45862819814914,386.1087565129481,505.3589315
labeled-data,PMA37 2022_01_25_09_22_48 Cam2,img2228523.png,671.6675091375689,270.19289991445675,516.2899525624076,313.23668247919744,607.6267594680768,403.52364102962906,598.1781242709386,503.2592347771988,143.59378645306782,508.5084765533867,372.4607278948596,507.45862819814914
labeled-data,PMA37 2022_01_25_09_22_48 Cam2,img2380991.png,213.9336262539855,347.88167820203745,81.65273349405078,315.3363791896726,128.89590947974176,446.5674235943696,603.4273660471265,501.15953806672366,147.7931798740181,512.70787,374.5604246053347,509.5583249086243
labeled-data,PMA37 2022_01_25_09_22_48 Cam2,img2439894.png,,,,,,,607.6267594680768,505.3589315,142.54393809783028,517.9571117505249,376.6601213158099,512.70787
labeled-data,PMA41 2021_12_15_09_34_36 Cam1,img0074186.png,385.0589081577105,388.8257640563029,298.9713430282292,384.6263706353526,336.7658838,450.766817,479.5452601290924,494.8604479352982,185.5877206625709,480.16257096197216,329.4169453301189,491.7109028695855
labeled-data,PMA41 2021_12_15_09_34_36 Cam1,img0236561.png,386.1087565129481,383.5765222801151,,,330.4667936853565,449.7169686600824,483.7446535500427,492.7607512,183.48802395209577,479.11272260673456,327.3172486196438,488.5613578038728
labeled-data,PMA41 2021_12_15_09_34_36 Cam1,img0488442.png,250.6783186873007,386.7260673458278,,,192.93665914923395,418.2215180029551,480.5951085,491.7109028695855,185.5877206625709,474.9133291857843,333.6163387510692,493.8105995800606
labeled-data,PMA41 2021_12_15_09_34_36 Cam1,img0618069.png,529.9379811804961,387.7759157010654,446.9999611167275,382.5266739248775,483.7446535500427,438.1686368,483.7446535500427,489.6112061591104,188.7372657282836,479.11272260673456,329.4169453301189,490.6610545143479
labeled-data,PMA41 2021_12_15_09_34_36 Cam1,img1040430.png,400.8066334862741,395.1248541877284,314.71906835679283,377.2774321486896,333.6163387510692,437.1187883972314,484.7945019052803,494.8604479352982,184.5378723073333,478.06287425149696,325.2175519091686,489.6112061591104
labeled-data,PMA41 2021_12_15_09_34_36 Cam1,img1209238.png,518.3896492728827,391.9753091220157,441.7507193405396,394.0750058324908,481.6449568395676,446.5674235943696,479.5452601290924,490.6610545143479,179.28863053114543,475.9631775410218,331.5166420405941,485.41181273816005
labeled-data,PMA41 2021_12_15_09_34_36 Cam1,img1322234.png,519.4394976281203,385.6762189905902,440.7008709853021,383.5765222801151,487.944047,435.0190916867563,482.6948051948051,490.6610545143479,183.48802395209577,479.11272260673456,333.6163387510692,493.8105995800606
labeled-data,PMA41 2021_12_15_09_34_36 Cam1,img1336730.png,250.6783186873007,381.4768255696399,,,190.8369624387588,422.4209114239054,483.7446535500427,491.7109028695855,176.1390854654327,477.01302589625936,327.3172486196438,492.7607512
labeled-data,PMA41 2021_12_15_09_34_36 Cam1,img1374187.png,250.6783186873007,377.2774321486896,160.39136013686908,370.97834201726414,197.13605257018423,419.2713663581927,487.944047,494.8604479352982,183.48802395209577,479.11272260673456,333.6163387510692,490.6610545143479
labeled-data,PMA41 2021_12_15_09_34_36 Cam1,img1387537.png,392.4078466443736,390.9254607667781,305.27043315965466,379.3771288591647,333.6163387510692,443.41787852865696,475.3458667081421,489.6112061591104,181.38832724162057,478.06287425149696,325.2175519091686,492.7607512
labeled-data,PMA41 2021_12_15_09_34_36 Cam1,img1510372.png,241.2296834901624,370.97834201726414,,,192.93665914923395,425.5704564896181,476.3957150633797,494.8604479352982,179.28863053114543,475.9631775410218,330.4667936853565,491.7109028695855
labeled-data,PMA41 2021_12_15_09_34_36 Cam1,img1511730.png,245.4290769111128,381.4768255696399,162.49105684734425,369.92849366202654,189.7871140835212,424.52060813438055,479.5452601290924,489.6112061591104,179.28863053114543,477.01302589625936,330.4667936853565,485.41181273816005
labeled-data,PMA41 2021_12_15_09_34_36 Cam1,img1792860.png,65.90500816548712,345.7819814915623,47.00773777121077,288.04032195349555,,,479.5452601290924,494.8604479352982,185.5877206625709,480.16257096197216,328.3670969748813,492.7607512
labeled-data,PMA41 2021_12_15_09_34_36 Cam1,img1860245.png,508.9410140757445,366.77894859631385,436.5014775643517,378.3272805039272,487.944047,428.7200015553309,483.7446535500427,495.91029629053577,186.6375690178085,483.3121160276849,330.4667936853565,493.8105995800606
labeled-data,PMA41 2021_12_15_09_34_36 Cam1,img1908995.png,,,,,,,477.4455634186172,491.7109028695855,184.5378723073333,479.11272260673456,327.3172486196438,490.6610545143479
labeled-data,PMA41 2021_12_15_09_34_36 Cam1,img1959169.png,251.7281670425382,373.0780387277393,162.49105684734425,368.8786453,196.0862042149467,424.52060813438055,483.7446535500427,492.7607512,185.5877206625709,478.06287425149696,329.4169453301189,489.6112061591104
labeled-data,PMA41 2021_12_15_09_34_36 Cam1,img1985480.png,245.4290769111128,391.9753091220157,167.7402986235321,385.6762189905902,189.7871140835212,432.9193949762812,482.6948051948051,492.7607512,180.33847888638303,480.16257096197216,333.6163387510692,492.7607512
labeled-data,PMA41 2021_12_15_09_34_36 Cam1,img2033887.png,246.4789252663503,388.8257640563029,163.54090520258177,373.0780387277393,196.0862042149467,428.7200015553309,483.7446535500427,496.96014464577337,183.48802395209577,478.06287425149696,332.5664903958317,494.8604479352982
labeled-data,PMA41 2021_12_15_09_34_36 Cam1,img2055253.png,235.98044171397464,370.97834201726414,,,180.33847888638303,428.7200015553309,478.4954117738548,495.91029629053577,176.1390854654327,481.2124193172097,333.6163387510692,490.6610545143479
labeled-data,PMA41 2021_12_15_09_34_36 Cam1,img2140333.png,226.5318065168364,377.2774321486896,,,171.9396920444824,420.3212147134302,477.4455634186172,494.8604479352982,182.43817559685817,481.2124193172097,331.5166420405941,491.7109028695855
labeled-data,PMA41 2021_12_15_09_34_36 Cam2,img0059797.png,674.8170542032817,268.0932032039816,523.6388910490706,276.49199004588223,581.3805505871373,376.2275838,589.7793374290379,516.9072633952874,133.09530290069205,520.0568084610001,363.0120926977214,523.2063535267127
labeled-data,PMA41 2021_12_15_09_34_36 Cam2,img0083891.png,202.3852943463721,341.5825881,70.10440158643746,325.8348627420484,118.3974259,440.2683334629442,589.7793374290379,520.0568084610001,126.79621276926662,523.2063535267127,353.56345750058324,523.2063535267127
labeled-data,PMA41 2021_12_15_09_34_36 Cam2,img0128562.png,663.2687222956683,306.93759234777195,529.9379811804961,335.28349793918653,593.9787308499883,441.31818181818176,590.8291857842755,514.8075666848122,127.84606112450416,526.3558985924255,360.9123959872462,521.1066568162377
labeled-data,PMA41 2021_12_15_09_34_36 Cam2,img0135037.png,459.59814137957846,353.13091997822534,322.0680068434559,339.4828913601368,361.9622443424838,438.1686368,592.9288824947507,520.0568084610001,123.64666770355387,526.3558985924255,355.6631542110583,520.0568084610001
labeled-data,PMA41 2021_12_15_09_34_36 Cam2,img0138477.png,448.0498094719651,341.5825881,270.62543743681465,327.9345594525235,355.6631542110583,440.2683334629442,603.4273660471265,521.1066568162377,132.04545454545445,522.1565051714753,357.7628509215335,521.1066568162377
labeled-data,PMA41 2021_12_15_09_34_36 Cam2,img0151159.png,200.28559763589695,352.08107162298774,64.85515981024957,319.53577261062287,121.54697099307872,446.5674235943696,588.7294890738004,516.9072633952874,129.9457578349793,522.1565051714751,358.8126992767711,517.9571117505249
labeled-data,PMA41 2021_12_15_09_34_36 Cam2,img0316624.png,208.6843844777976,354.18076833346294,65.90500816548712,351.0312232677502,116.29772921689084,445.5175752391321,589.7793374,516.9072633952874,125.74636441402902,521.1066568162377,353.56345750058324,520.0568084610001
labeled-data,PMA41 2021_12_15_09_34_36 Cam2,img0383977.png,667.4681157166186,334.23364958394893,533.0875262462088,330.03425616299864,593.9787308499883,437.1187883972314,590.8291857842755,517.9571117505249,128.89590947974176,526.3558985924255,353.56345750058324,519.0069601057625
labeled-data,PMA41 2021_12_15_09_34_36 Cam2,img0419572.png,659.0693289,319.5357726106228,525.7385877595458,316.3862275449101,590.8291857842755,410.8725795,585.5799440080876,521.1066568162377,129.9457578349793,523.2063535267127,361.9622443424838,517.9571117505249
labeled-data,PMA41 2021_12_15_09_34_36 Cam2,img0430623.png,661.1690255851931,331.08410451823624,528.8881328252585,328.98440780776104,590.8291857842755,431.8695466210436,595.0285792052258,520.0568084610001,129.9457578349793,519.0069601057625,358.8126992767711,521.1066568162377
labeled-data,PMA41 2021_12_15_09_34_36 Cam2,img0608393.png,680.0662959794696,313.23668247919744,539.3866163776343,314.2865308,592.9288824947507,411.9224278715296,593.9787308499883,515.8574150400498,132.0454545454545,521.1066568162377,358.8126992767711,517.9571117505249
labeled-data,PMA41 2021_12_15_09_34_36 Cam2,img0984209.png,464.8473831557664,368.8786453,317.86861342250563,322.6853176763356,353.56345750058324,440.2683334629442,590.8291857842755,516.9072633952874,130.9956061902169,526.3558985924255,357.7628509215335,515.8574150400498
labeled-data,PMA41 2021_12_15_09_34_36 Cam2,img1081608.png,210.78408118827275,351.0312232677502,66.95485652072472,340.5327397153744,120.49712263784112,441.31818181818176,587.6796407185628,513.7577183295746,128.89590947974176,521.1066568162377,366.1616377634341,517.9571117505249
labeled-data,PMA41 2021_12_15_09_34_36 Cam2,img1150102.png,216.03332296446064,333.1838012287114,65.90500816548712,304.8378956372968,127.84606112450416,416.1218212924799,590.8291857842755,519.0069601057625,124.69651605879142,522.1565051714751,361.9622443424838,517.9571117505249
labeled-data,PMA41 2021_12_15_09_34_36 Cam2,img1246236.png,406.0558753,330.03425616299864,269.57558908157705,336.33334629442413,322.0680068434559,451.81666537055753,592.9288824947507,514.8075666848122,125.74636441402902,520.0568084610001,360.9123959872462,522.1565051714751
labeled-data,PMA41 2021_12_15_09_34_36 Cam2,img1293434.png,695.8140213080333,322.6853176763356,547.7854032195349,316.3862275449101,599.2279726261762,415.0719729372424,589.7793374290379,515.8574150400498,134.1451512559297,516.9072633952874,366.1616377634341,516.9072633952874
labeled-data,PMA41 2021_12_15_09_34_36 Cam2,img1334677.png,216.03332296446064,360.4798584648884,92.15121704642657,304.8378956372968,126.79621276926662,423.4707598,588.7294890738004,516.9072633952874,129.9457578349793,525.3060502,360.9123959872462,522.1565051714751
labeled-data,PMA41 2021_12_15_09_34_36 Cam2,img1368297.png,211.8339295435103,323.7351660315732,64.85515981024957,320.58562096586047,137.2946963216424,414.0221245820048,591.8790341395131,520.0568084610001,129.9457578349793,527.4057469,359.8625476320086,521.1066568162377
labeled-data,PMA41 2021_12_15_09_34_36 Cam2,img1811087.png,193.9865075044715,342.6324364258496,50.15728283692352,339.4828913601368,128.89590947974176,433.9692433315188,596.0784275604634,513.7577183295746,130.9956061902169,517.9571117505249,361.9622443424838,523.2063535267127
labeled-data,PMA41 2021_12_15_09_34_36 Cam2,img2238658.png,,,,,,,592.9288824947507,516.9072633952874,133.09530290069205,520.0568084610001,363.0120926977214,525.3060502
labeled-data,PMA41 2022_01_12_11_53_22 Cam1,img0030173.png,522.5890426938331,361.5297068,441.7507193405396,376.2275838,491.0935920367058,426.6203048448557,471.14647328719184,492.7607512,176.1390854654327,474.9133291857843,328.3670969748813,487.5115094486352
labeled-data,PMA41 2022_01_12_11_53_22 Cam1,img0069152.png,242.2795318,386.7260673458278,,,181.38832724162057,415.0719729372424,477.4455634186172,488.5613578038728,174.03938875495754,472.8136324753091,325.2175519091686,484.3619643829225
labeled-data,PMA41 2022_01_12_11_53_22 Cam1,img0098048.png,380.85951473676016,404.5734893848666,,,329.4169453301189,453.91636208103273,479.5452601290924,486.4616610933976,177.1889338206703,477.01302589625936,327.3172486196438,487.5115094486352
labeled-data,PMA41 2022_01_12_11_53_22 Cam1,img0220007.png,515.2401042,363.6294035306011,432.30208414340143,361.5297068,480.5951085,414.0221245820048,479.5452601290924,491.7109028695855,184.5378723073333,475.9631775410218,328.3670969748813,488.5613578038728
labeled-data,PMA41 2022_01_12_11_53_22 Cam1,img0530984.png,245.4290769111128,389.8756124115405,,,190.8369624387588,422.4209114239054,474.2960183529045,488.5613578038728,180.33847888638303,474.9133291857843,327.3172486196438,485.41181273816005
labeled-data,PMA41 2022_01_12_11_53_22 Cam1,img0745615.png,458.54829302434086,363.6294035306011,364.0619410529589,347.88167820203745,414.4546621043627,393.0251574772533,476.3957150633797,486.4616610933976,185.5877206625709,475.9631775410218,324.1677036,484.3619643829225
labeled-data,PMA41 2022_01_12_11_53_22 Cam1,img0750907.png,251.7281670425382,373.0780387277393,,,179.28863053114543,395.1248541877284,477.4455634186172,486.4616610933976,178.2387821759079,478.06287425149696,324.1677036,486.4616610933976
labeled-data,PMA41 2022_01_12_11_53_22 Cam1,img0936019.png,405.0060269072244,400.37409596391626,327.3172486196438,377.2774321486896,336.7658838,432.9193949762812,476.3957150633797,488.5613578038728,177.1889338206703,480.16257096197216,326.2674002644062,489.6112061591104
labeled-data,PMA41 2022_01_12_11_53_22 Cam1,img0996112.png,459.59814137957846,317.4360759001477,366.1616377634341,330.03425616299864,419.70390388055057,383.5765222801151,476.3957150633797,487.51150944863525,179.28863053114543,472.8136324753091,328.3670969748813,487.5115094486352
labeled-data,PMA41 2022_01_12_11_53_22 Cam1,img1024605.png,337.8157321720196,364.67925188583865,,,259.0771055292013,393.0251574772533,469.04677657671664,487.5115094486352,181.38832724162057,474.9133291857843,324.1677036,487.5115094486352
labeled-data,PMA41 2022_01_12_11_53_22 Cam1,img1232016.png,126.79621276926662,393.0251574772533,,,61.70561474453683,427.6701532000933,483.7446535500427,487.5115094486352,,,336.76588381678187,490.6610545143479
labeled-data,PMA41 2022_01_12_11_53_22 Cam1,img1301624.png,509.9908624309821,370.97834201726414,429.1525390776888,334.23364958394893,451.1993545376778,404.5734893848666,475.3458667081421,488.5613578038728,182.43817559685817,474.9133291857843,330.4667936853565,488.5613578038728
labeled-data,PMA41 2022_01_12_11_53_22 Cam1,img1454947.png,517.3398009176452,376.2275838,419.70390388055057,385.6762189905902,480.5951085,426.6203048448557,476.3957150633797,487.5115094486352,185.5877206625709,475.9631775410218,330.4667936853565,490.6610545143479
labeled-data,PMA41 2022_01_12_11_53_22 Cam1,img1518848.png,354.6133058558207,365.72910024107625,269.57558908157705,355.2306166887005,313.66922000155523,418.2215180029551,475.3458667081421,492.7607512,180.33847888638303,478.06287425149696,329.4169453301189,489.6112061591104
labeled-data,PMA41 2022_01_12_11_53_22 Cam1,img1550810.png,252.7780153977758,384.6263706353526,164.59075355781937,356.2804650439381,190.8369624387588,417.1716696477175,478.4954117738548,486.4616610933976,178.2387821759079,475.9631775410218,326.2674002644062,486.4616610933976
labeled-data,PMA41 2022_01_12_11_53_22 Cam1,img1789555.png,249.6284703320631,381.4768255696399,,,190.8369624387588,407.72303445057935,477.4455634186172,493.8105995800606,180.33847888638303,475.9631775410218,331.5166420405941,489.6112061591104
labeled-data,PMA41 2022_01_12_11_53_22 Cam1,img1798764.png,515.2401042,391.9753091220157,432.30208414340143,387.7759157010654,483.7446535500427,440.2683334629442,479.5452601290924,492.7607512,178.2387821759079,477.01302589625936,333.6163387510692,489.6112061591104
labeled-data,PMA41 2022_01_12_11_53_22 Cam1,img1798791.png,513.1404074966948,393.0251574772533,432.30208414340143,389.8756124115405,484.7945019052803,433.9692433315188,477.4455634186172,489.6112061591104,179.28863053114543,475.9631775410218,327.3172486196438,487.5115094486352
labeled-data,PMA41 2022_01_12_11_53_22 Cam1,img1879471.png,526.7884361147834,380.4269772144023,436.5014775643517,376.2275838,485.8443502605179,429.7698499105685,476.3957150633797,491.7109028695855,178.2387821759079,472.8136324753091,328.3670969748813,491.7109028695855
labeled-data,PMA41 2022_01_12_11_53_22 Cam1,img2088593.png,409.2054203281748,391.9753091220157,322.0680068434559,357.3303133991756,349.36406407963284,430.8196983,474.2960183529045,493.8105995800606,182.43817559685817,472.8136324753091,330.4667936853565,488.5613578038728
labeled-data,PMA41 2022_01_12_11_53_22 Cam2,img0064813.png,491.0935920367058,343.6822847810872,348.3142157243953,309.0372890582471,386.1087565129481,436.0689400419938,596.0784275604634,516.9072633952874,134.14515125592965,523.2063535267127,366.1616377634341,516.9072633952874
labeled-data,PMA41 2022_01_12_11_53_22 Cam2,img0160083.png,491.0935920367058,339.4828913601368,360.9123959872462,306.93759234777195,384.00905980247296,410.8725795,592.9288824947507,516.9072633952874,133.09530290069205,521.1066568162377,365.1117894081965,512.70787
labeled-data,PMA41 2022_01_12_11_53_22 Cam2,img0163436.png,689.5149311766078,300.63850221634647,535.187223,333.1838012287114,617.0753947,409.8227311610545,597.1282759,519.0069601057625,133.09530290069205,522.1565051714751,355.6631542110583,521.1066568162377
labeled-data,PMA41 2022_01_12_11_53_22 Cam2,img0203517.png,469.04677657671664,307.98744070300955,339.91542888249467,301.68835057158407,391.3579983,397.2245508982036,590.8291857842755,515.8574150400498,133.09530290069205,522.1565051714751,366.1616377634341,521.1066568162377
labeled-data,PMA41 2022_01_12_11_53_22 Cam2,img0431017.png,482.6948051948051,275.44214169064463,324.1677036,261.7941130725562,376.6601213158099,418.2215180029551,597.1282759,513.7577183295746,128.89590947974176,522.1565051714751,363.0120926977214,521.1066568162377
labeled-data,PMA41 2022_01_12_11_53_22 Cam2,img0441251.png,478.4954117738548,29.77762656505172,,,,,588.7294890738004,516.9072633952874,135.1949996111672,519.0069601057625,361.9622443424837,522.1565051714751
labeled-data,PMA41 2022_01_12_11_53_22 Cam2,img0609351.png,710.5118982813593,260.7442647173186,571.9319153899992,298.5388055058713,635.9726650594913,373.0780387277393,593.9787308499883,514.8075666848122,138.3445446768799,517.9571117505249,368.2613344739093,515.8574150400498
labeled-data,PMA41 2022_01_12_11_53_22 Cam2,img0698793.png,,,,,,,599.2279726261762,515.8574150400498,136.2448479664048,521.1066568162377,363.0120926977214,519.0069601057625
labeled-data,PMA41 2022_01_12_11_53_22 Cam2,img0706347.png,469.04677657671664,340.5327397153744,336.7658838,298.5388055058713,371.4108795,416.1218212924799,596.0784275604634,513.7577183295746,140.44424138735508,520.0568084610001,361.9622443424838,517.9571117505249
labeled-data,PMA41 2022_01_12_11_53_22 Cam2,img0716362.png,,,358.8126992767711,319.53577261062287,397.6570884205614,436.0689400419938,597.1282759,516.9072633952874,138.3445446768799,517.9571117505249,360.9123959872462,517.9571117505249
labeled-data,PMA41 2022_01_12_11_53_22 Cam2,img0856144.png,216.03332296446064,352.08107162298774,,,133.09530290069205,442.36803017341936,598.1781242709386,514.8075666848122,137.2946963216424,516.9072633952874,364.0619410529589,523.2063535267127
labeled-data,PMA41 2022_01_12_11_53_22 Cam2,img0895421.png,486.8941986157554,303.7880472820592,333.6163387510692,295.38926044015864,400.8066334862741,418.2215180029551,597.1282759,517.9571117505249,138.3445446768799,516.9072633952874,361.9622443424838,517.9571117505249
labeled-data,PMA41 2022_01_12_11_53_22 Cam2,img1074333.png,680.0662959794696,323.7351660315732,528.8881328252585,334.23364958394893,604.4772144023641,432.9193949762812,595.0285792052258,513.7577183295746,140.44424138735508,517.9571117505249,367.2114861186716,516.9072633952874
labeled-data,PMA41 2022_01_12_11_53_22 Cam2,img1266124.png,681.1161443347072,320.58562096586047,529.9379811804961,324.7850143868108,603.4273660471265,427.6701532000933,593.9787308499883,519.0069601057625,130.9956061902169,521.1066568162377,363.0120926977214,522.1565051714751
labeled-data,PMA41 2022_01_12_11_53_22 Cam2,img1365346.png,205.5348394120849,352.08107162298774,62.75546309977443,334.23364958394893,126.79621276926662,438.1686368,595.0285792052259,513.7577183295746,127.84606112450416,514.8075666848122,364.0619411,514.8075666848122
labeled-data,PMA41 2022_01_12_11_53_22 Cam2,img1438011.png,683.2158410451823,299.5886538611089,534.1373746014464,307.98744070300955,600.2778209814137,404.5734893848666,589.7793374290379,513.7577183295746,129.9457578349793,522.1565051714751,364.0619410529589,516.9072633952874
labeled-data,PMA41 2022_01_12_11_53_22 Cam2,img1563092.png,231.7810482930243,342.6324364258496,81.65273349405078,318.48592425538527,132.0454545454545,420.3212147134302,596.0784275604634,516.9072633952874,130.9956061902169,521.1066568162377,366.1616377634341,519.0069601057625
labeled-data,PMA41 2022_01_12_11_53_22 Cam2,img1928888.png,459.59814137957846,349.9813749125126,313.66922000155523,323.7351660315732,369.3111828291468,431.8695466210436,592.9288824947507,516.9072633952874,139.3943930321175,524.2562018819503,360.9123959872462,520.0568084610001
labeled-data,PMA41 2022_01_12_11_53_22 Cam2,img1951636.png,,,,,,,595.0285792052258,515.8574150400498,137.2946963216424,522.1565051714751,363.0120926977214,521.1066568162377
labeled-data,PMA41 2022_01_12_11_53_22 Cam2,img1961910.png,,,411.3051170386499,259.6944164,402.9063301967493,384.6263706353526,592.9288824947507,514.8075666848122,132.0454545454545,517.9571117505249,347.2643673691577,523.2063535267127
labeled-data,PMA41 2022_02_04_12_01_21 Cam1,img0099052.png,539.3866163776343,384.6263706353526,462.7476864452912,386.7260673458278,518.3896492728827,430.8196983,518.3896492728827,473.8634808305467,217.08317131969815,475.9631775410218,366.1616377634341,483.3121160276849
labeled-data,PMA41 2022_02_04_12_01_21 Cam1,img0212653.png,375.6102729605723,356.2804650439381,284.2734660549031,361.5297068,336.7658838,412.9722762267672,515.2401042,479.11272260673456,221.28256474064847,473.8634808305467,368.2613344739093,480.16257096197216
labeled-data,PMA41 2022_02_04_12_01_21 Cam1,img0284675.png,,,347.2643673691577,357.3303133991756,387.1586048681857,423.4707598,514.1902558519324,480.1625709619721,219.18286803017335,474.9133291857843,371.4108795,479.11272260673456
labeled-data,PMA41 2022_02_04_12_01_21 Cam1,img0614811.png,,,461.6978380900536,380.4269772144023,521.5391943385955,425.5704564896181,521.5391943385955,478.06287425149696,224.43210980636127,473.8634808305467,369.3111828291468,481.2124193172097
labeled-data,PMA41 2022_02_04_12_01_21 Cam1,img0615640.png,545.6857065090597,382.5266739248775,464.8473831557664,368.8786453,515.2401042,429.7698499105685,513.1404074966948,477.01302589625936,218.13301967493575,477.01302589625936,370.3610311843844,481.2124193172097
labeled-data,PMA41 2022_02_04_12_01_21 Cam1,img1098386.png,290.5725561863286,367.8287969515514,201.33544599113455,352.08107162298774,238.08013842444973,404.5734893848666,524.6887394043082,481.2124193172097,219.18286803017335,472.8136324753091,369.3111828291468,480.16257096197216
labeled-data,PMA41 2022_02_04_12_01_21 Cam1,img1354304.png,,,470.09662493195424,379.3771288591647,523.6388910490706,426.6203048448557,519.4394976281203,480.16257096197216,222.33241309588607,471.7637841200715,366.1616377634341,483.3121160276849
labeled-data,PMA41 2022_02_04_12_01_21 Cam1,img1363652.png,426.002994,381.4768255696399,348.3142157243953,348.93152655727505,375.6102729605723,404.5734893848666,519.4394976281203,480.16257096197216,219.18286803017335,471.7637841200715,364.0619410529589,485.41181273816005
labeled-data,PMA41 2022_02_04_12_01_21 Cam1,img1497256.png,289.5227078,358.3801617544132,213.9336262539855,344.7321331363247,243.3293802006376,401.42394431915386,512.0905591414573,481.2124193172097,213.9336262539855,468.6142390543588,367.2114861186717,484.3619643829225
labeled-data,PMA41 2022_02_04_12_01_21 Cam1,img1712797.png,543.5860097985845,373.0780387277393,462.7476864452912,366.77894859631385,516.2899525624076,421.3710630686678,517.3398009176452,478.06287425149696,217.08317131969815,473.8634808305467,368.2613344739093,483.3121160276849
labeled-data,PMA41 2022_02_04_12_01_21 Cam1,img1958103.png,430.2023874329264,373.0780387277393,340.96527723773227,355.2306166887005,368.2613344739093,405.62333774010415,516.2899525624076,478.06287425149696,222.33241309588607,480.16257096197216,366.1616377634341,484.3619643829225
labeled-data,PMA41 2022_02_04_12_01_21 Cam1,img2074371.png,545.6857065090597,353.13091997822534,464.8473831557664,340.5327397153744,506.8413173652695,383.5765222801151,521.5391943385955,475.9631775410218,219.18286803017335,474.9133291857843,370.3610311843844,481.2124193172097
labeled-data,PMA41 2022_02_04_12_01_21 Cam1,img2088223.png,410.2552686834123,379.3771288591647,329.4169453301189,370.97834201726414,374.5604246053347,425.5704564896181,520.4893459833579,481.2124193172097,224.43210980636127,474.9133291857843,373.5105762500972,482.2622676724473
labeled-data,PMA41 2022_02_04_12_01_21 Cam1,img2113835.png,287.4230111206158,394.0750058324908,213.9336262539855,366.77894859631385,225.4819581615988,416.1218212924799,514.1902558519324,479.11272260673456,220.23271638541087,474.9133291857843,367.2114861186717,483.3121160276849
labeled-data,PMA41 2022_02_04_12_01_21 Cam1,img2177203.png,267.47589237110185,387.7759157010654,,,207.6345361,388.8257640563029,520.4893459833579,480.16257096197216,218.13301967493575,471.7637841200715,370.3610311843844,487.5115094486352
labeled-data,PMA41 2022_02_04_12_01_21 Cam1,img2263692.png,548.8352515747724,378.3272805039272,472.1963216424293,376.2275838,516.2899525624076,422.4209114239054,515.2401042,478.06287425149696,219.18286803017335,472.8136324753091,367.2114861186717,477.01302589625936
labeled-data,PMA41 2022_02_04_12_01_21 Cam1,img2301064.png,295.8217979625165,391.9753091220157,,,230.7311999377867,415.0719729372424,518.3896492728827,482.2622676724473,217.08317131969815,479.11272260673456,372.4607278948596,485.41181273816005
labeled-data,PMA41 2022_02_04_12_01_21 Cam1,img2432515.png,,,477.4455634186172,374.1278870829768,522.5890426938331,419.2713663581927,522.5890426938331,480.16257096197216,222.33241309588607,474.9133291857843,365.1117894081965,484.3619643829225
labeled-data,PMA41 2022_02_04_12_01_21 Cam1,img2761738.png,290.5725561863286,390.9254607667781,,,227.58165487207395,409.8227311610545,520.4893459833579,478.06287425149696,218.13301967493575,477.01302589625936,369.3111828291468,483.3121160276849
labeled-data,PMA41 2022_02_04_12_01_21 Cam1,img2836089.png,329.4169453301189,321.6354693,240.17983513492493,339.4828913601368,304.22058480441706,374.1278870829768,515.2401042,480.16257096197216,214.98347460922304,477.01302589625936,368.2613344739093,484.3619643829225
labeled-data,PMA41 2022_02_04_12_01_21 Cam2,img0358352.png,677.9665992689944,311.13698576872224,542.5361614,320.58562096586047,611.8261528890271,420.3212147134302,614.9756979547398,504.3090831324364,155.1421183606812,509.5583249086243,377.7099696710475,514.8075666848122
labeled-data,PMA41 2022_02_04_12_01_21 Cam2,img0412813.png,451.1993545376778,294.33941208492104,322.0680068434559,283.84092853254526,374.5604246053347,378.3272805039272,608.6766078233144,503.2592347771988,144.64363480830542,507.45862819814914,377.7099696710475,505.3589315
labeled-data,PMA41 2022_02_04_12_01_21 Cam2,img0434489.png,496.3428338128937,282.79108017730766,357.7628509215335,284.89077688778286,426.002994,381.4768255696399,607.6267594680768,501.15953806672366,146.74333151878056,511.6580216190994,374.5604246053347,513.7577183295746
labeled-data,PMA41 2022_02_04_12_01_21 Cam2,img0509936.png,245.4290769111128,326.8847110972859,89.00167198071381,281.7412318220701,134.14515125592965,407.72303445057935,602.3775176918889,505.3589315,147.7931798740181,510.6081732638619,385.0589081577105,511.6580216190994
labeled-data,PMA41 2022_02_04_12_01_21 Cam2,img0828348.png,682.1659926899447,299.5886538611089,535.187223,309.0372890582471,611.8261528890271,405.62333774010415,604.4772144023641,502.20938642196126,146.74333151878056,509.5583249086243,378.7598180262851,507.45862819814914
labeled-data,PMA41 2022_02_04_12_01_21 Cam2,img0972251.png,235.98044171397464,325.8348627420484,,,144.64363480830542,429.7698499105685,611.8261528890271,504.3090831324364,144.64363480830542,508.5084765533867,377.7099696710475,509.5583249086243
labeled-data,PMA41 2022_02_04_12_01_21 Cam2,img1035616.png,231.7810482930243,334.23364958394893,79.55303678357564,318.48592425538527,143.59378645306782,427.6701532000933,604.4772144023641,505.3589315,143.59378645306782,511.6580216190994,379.80966638152256,510.6081732638618
labeled-data,PMA41 2022_02_04_12_01_21 Cam2,img1157251.png,222.33241309588607,337.38319464966173,75.35364336262535,324.7850143868108,146.74333151878056,430.8196983,611.8261528890271,505.3589315,143.59378645306782,508.5084765533867,376.6601213158099,512.70787
labeled-data,PMA41 2022_02_04_12_01_21 Cam2,img1262107.png,189.7871140835212,268.0932032039816,89.00167198071381,180.95578971926275,,,605.5270627576016,502.20938642196126,149.8928765844933,509.5583249086243,387.1586048681857,504.3090831324364
labeled-data,PMA41 2022_02_04_12_01_21 Cam2,img1411853.png,687.4152344661326,307.98744070300955,543.5860097985845,323.7351660315732,618.1252430204526,419.2713663581927,605.5270627576016,502.20938642196126,150.94272493973085,508.5084765533867,378.7598180262851,509.5583249086243
labeled-data,PMA41 2022_02_04_12_01_21 Cam2,img1413140.png,683.2158410451823,296.4391087953962,544.6358581538221,309.0372890582471,610.7763045337895,404.5734893848666,609.7264562,502.20938642196126,147.7931798740181,513.7577183295746,378.7598180262851,508.5084765533867
labeled-data,PMA41 2022_02_04_12_01_21 Cam2,img1526614.png,235.98044171397464,317.4360759001477,81.65273349405078,307.98744070300955,142.54393809783028,403.52364102962906,603.4273660471265,501.15953806672366,147.7931798740181,508.5084765533867,370.3610311843844,506.40877984291154
labeled-data,PMA41 2022_02_04_12_01_21 Cam2,img1530610.png,624.4243332,281.7412318220701,516.2899525624076,330.03425616299864,618.1252430204526,390.9254607667781,608.6766078233144,502.20938642196126,151.99257329496845,508.5084765533867,379.80966638152256,506.40877984291154
labeled-data,PMA41 2022_02_04_12_01_21 Cam2,img1538785.png,684.2656894004199,285.9406252430204,543.5860097985845,290.14001866397075,618.1252430204526,399.3242476086787,608.6766078233144,504.3090831324364,147.7931798740181,509.5583249086243,378.7598180262851,508.5084765533867
labeled-data,PMA41 2022_02_04_12_01_21 Cam2,img1562544.png,369.3111828291468,244.9965393887549,232.83089664826184,306.93759234777195,335.7160354615444,369.92849366202654,609.7264562,504.3090831324364,145.69348316354296,510.6081732638619,386.1087565129481,502.20938642196126
labeled-data,PMA41 2022_02_04_12_01_21 Cam2,img1635361.png,229.6813515825491,335.28349793918653,79.55303678357564,321.6354693,144.64363480830542,432.9193949762812,605.5270627576016,498.0099930010109,145.69348316354296,510.6081732638619,378.7598180262851,504.3090831324364
labeled-data,PMA41 2022_02_04_12_01_21 Cam2,img1912497.png,515.2401042,332.1339528734738,385.0589081577105,262.8439614277937,399.7567851310366,395.1248541877284,604.4772144023641,504.3090831324364,141.49408974259268,510.6081732638619,369.3111828291468,505.3589315
labeled-data,PMA41 2022_02_04_12_01_21 Cam2,img2038589.png,683.2158410451823,292.23971537444584,550.9349482852476,304.8378956372968,627.5738782175907,389.8756124115405,612.8760012442647,502.20938642196126,145.69348316354296,509.5583249086243,377.7099696710475,504.3090831324364
labeled-data,PMA41 2022_02_04_12_01_21 Cam2,img2493724.png,239.12998677968733,326.8847110972859,109.99863908546536,292.2397153744459,137.2946963216424,399.3242476086787,606.5769111128392,502.20938642196126,141.49408974259268,504.3090831324364,374.5604246053347,504.3090831324364
labeled-data,PMA41 2022_02_04_12_01_21 Cam2,img2674014.png,680.0662959794696,307.98744070300955,545.6857065090597,320.58562096586047,618.1252430204526,423.4707598,611.8261528890271,502.20938642196126,143.59378645306782,511.6580216190994,377.7099696710475,507.45862819814914
labeled-data,PMA41 2022_02_23_09_28_37 Cam1,img0192197.png,290.5725561863286,386.7260673458278,220.23271638541087,357.3303133991756,225.4819581615988,421.3710630686678,523.6388910490706,472.8136324753091,217.08317131969815,468.6142390543588,373.5105762500972,479.11272260673456
labeled-data,PMA41 2022_02_23_09_28_37 Cam1,img0633297.png,292.6722528968037,387.7759157010654,,,232.83089664826184,429.7698499105685,522.5890426938331,474.9133291857843,221.28256474064847,471.7637841200715,375.6102729605723,479.11272260673456
labeled-data,PMA41 2022_02_23_09_28_37 Cam1,img0675039.png,291.6224045415662,372.02819037250174,,,229.6813515825491,420.3212147134302,521.5391943385955,472.8136324753091,219.18286803017335,477.01302589625936,374.5604246053347,478.06287425149696
labeled-data,PMA41 2022_02_23_09_28_37 Cam1,img0807312.png,313.66922000155523,348.93152655727505,265.3761956606268,405.62333774010415,521.5391943385955,473.8634808305467,220.23271638541087,471.7637841200715,375.6102729605723,480.16257096197216,,
labeled-data,PMA41 2022_02_23_09_28_37 Cam1,img0815250.png,287.4230111206158,384.6263706353526,,,223.38226145112367,420.3212147134302,520.4893459833579,471.7637841200715,222.33241309588607,473.8634808305467,372.4607278948596,478.06287425149696
labeled-data,PMA41 2022_02_23_09_28_37 Cam1,img0881201.png,,,474.2960183529045,359.4300101096508,527.8382844700209,410.8725795,522.5890426938331,477.01302589625936,224.4321098063612,470.71393576483393,368.2613344739093,477.01302589625936
labeled-data,PMA41 2022_02_23_09_28_37 Cam1,img1073412.png,415.50451045960017,344.7321331363247,,,355.6631542110583,382.5266739248775,523.6388910490706,470.71393576483393,221.28256474064847,478.06287425149696,372.4607278948596,481.2124193172097
labeled-data,PMA41 2022_02_23_09_28_37 Cam1,img1106094.png,445.9501127614899,390.9254607667781,378.7598180262851,420.3212147134302,519.4394976281203,475.9631775410218,219.18286803017335,472.8136324753091,369.3111828291468,475.9631775410218,,
labeled-data,PMA41 2022_02_23_09_28_37 Cam1,img1119683.png,,,469.04677657671664,360.4798584648884,522.5890426938331,417.1716696477175,525.7385877595458,477.01302589625936,222.33241309588607,471.7637841200715,369.3111828291468,478.06287425149696
labeled-data,PMA41 2022_02_23_09_28_37 Cam1,img1126519.png,274.82483085776494,368.8786453,,,223.38226145112367,422.4209114239054,520.4893459833579,474.9133291857843,220.23271638541087,472.8136324753091,370.3610311843844,477.01302589625936
labeled-data,PMA41 2022_02_23_09_28_37 Cam1,img1269565.png,553.0346449957228,383.5765222801151,471.14647328719184,390.9254607667781,519.4394976281203,429.7698499105685,522.5890426938331,473.8634808305467,222.33241309588607,471.7637841200715,370.3610311843844,481.2124193172097
labeled-data,PMA41 2022_02_23_09_28_37 Cam1,img1366731.png,,,475.3458667081421,379.3771288591647,530.9878295357337,419.2713663581927,522.5890426938331,481.2124193172097,219.18286803017335,474.9133291857843,374.5604246053347,475.9631775410218
labeled-data,PMA41 2022_02_23_09_28_37 Cam1,img1760334.png,556.1841900614355,377.2774321486896,472.1963216424293,374.1278870829768,509.9908624309821,423.4707598,520.4893459833579,478.06287425149696,228.63150322731155,470.71393576483393,369.3111828291468,479.11272260673456
labeled-data,PMA41 2022_02_23_09_28_37 Cam1,img1762819.png,276.92452756824014,368.8786453,,,218.13301967493584,414.0221245820048,517.3398009176452,473.8634808305467,221.28256474064847,470.71393576483393,374.5604246053347,479.11272260673456
labeled-data,PMA41 2022_02_23_09_28_37 Cam1,img1817249.png,287.4230111206158,387.7759157010654,,,228.63150322731155,414.0221245820048,521.5391943385955,475.9631775410218,218.13301967493575,473.8634808305467,377.7099696710475,479.11272260673456
labeled-data,PMA41 2022_02_23_09_28_37 Cam1,img1959644.png,549.8850999,374.1278870829768,473.2461699976669,368.8786453,521.5391943385955,415.0719729372424,524.6887394043082,475.9631775410218,223.38226145112367,469.6640874095964,373.5105762500972,475.9631775410218
labeled-data,PMA41 2022_02_23_09_28_37 Cam1,img2189339.png,555.1343417061979,368.8786453,466.94707986624144,366.77894859631385,517.3398009176452,421.3710630686678,518.3896492728827,477.01302589625936,224.43210980636127,473.8634808305467,370.3610311843844,479.11272260673456
labeled-data,PMA41 2022_02_23_09_28_37 Cam1,img2795913.png,,,,,,,517.3398009176452,481.2124193172097,227.58165487207395,472.8136324753091,374.5604246053347,479.11272260673456
labeled-data,PMA41 2022_02_23_09_28_37 Cam1,img3025748.png,,,,,,,522.5890426938331,477.01302589625936,221.28256474064847,481.2124193172097,374.5604246053347,479.11272260673456
labeled-data,PMA41 2022_02_23_09_28_37 Cam1,img3085029.png,,,,,,,520.4893459833579,473.8634808305467,216.03332296446064,473.8634808305467,372.4607278948596,474.9133291857843
labeled-data,PMA41 2022_02_23_09_28_37 Cam2,img0314046.png,314.71906835679283,289.09017030873315,161.44120849210665,325.8348627420484,286.3731627653783,414.0221245820048,604.4772144023641,504.3090831324364,140.44424138735508,511.6580216190994,377.7099696710475,505.3589315
labeled-data,PMA41 2022_02_23_09_28_37 Cam2,img0334026.png,437.5513259195893,303.7880472820592,280.0740726339528,316.3862275449101,374.5604246053347,406.67318609534175,603.4273660471265,502.20938642196126,143.59378645306782,506.40877984291154,373.5105762500972,503.2592347771988
labeled-data,PMA41 2022_02_23_09_28_37 Cam2,img0498398.png,235.98044171397464,320.58562096586047,100.55000388832718,270.19289991445675,132.0454545454545,378.3272805039272,604.4772144023641,504.3090831324364,142.54393809783028,509.5583249086243,379.80966638152256,506.40877984291154
labeled-data,PMA41 2022_02_23_09_28_37 Cam2,img0615723.png,691.6146279,291.1898670192083,542.5361614,294.33941208492104,602.3775176918889,389.8756124115405,602.3775176918889,503.2592347771988,148.8430282292557,510.6081732638619,378.7598180262851,508.5084765533867
labeled-data,PMA41 2022_02_23_09_28_37 Cam2,img0798468.png,,,,,,,603.4273660471265,504.3090831324364,144.64363480830542,510.6081732638619,376.6601213158099,510.6081732638619
labeled-data,PMA41 2022_02_23_09_28_37 Cam2,img0871679.png,497.3926821681312,309.0372890582471,352.51360914534564,284.89077688778286,391.3579983,397.2245508982036,605.5270627576016,507.45862819814914,142.54393809783028,508.5084765533867,375.6102729605723,506.40877984291154
labeled-data,PMA41 2022_02_23_09_28_37 Cam2,img1049617.png,673.7672058480441,319.53577261062287,536.2370713119216,314.2865308,605.5270627576016,421.3710630686678,603.4273660471265,502.20938642196126,146.74333151878056,511.6580216190994,378.7598180262851,509.5583249086243
labeled-data,PMA41 2022_02_23_09_28_37 Cam2,img1220900.png,682.1659926899447,314.2865308,540.4364647328719,309.0372890582471,597.1282759,416.1218212924799,598.1781242709386,504.3090831324364,144.64363480830542,510.6081732638619,376.6601213158099,506.40877984291154
labeled-data,PMA41 2022_02_23_09_28_37 Cam2,img1552545.png,698.9635664,294.33941208492104,547.7854032195349,280.6913834668325,600.2778209814137,388.8257640563029,602.3775176918889,508.5084765533867,148.8430282292557,509.5583249086243,380.85951473676016,508.5084765533867
labeled-data,PMA41 2022_02_23_09_28_37 Cam2,img1892307.png,228.6315032273115,337.38319464966173,87.95182362547627,315.3363791896726,137.2946963216424,424.52060813438055,605.5270627576016,503.2592347771988,146.74333151878056,514.8075666848122,372.4607278948596,507.45862819814914
labeled-data,PMA41 2022_02_23_09_28_37 Cam2,img2125516.png,,,,,,,,,144.64363480830542,513.7577183295746,,
labeled-data,PMA41 2022_02_23_09_28_37 Cam2,img2187595.png,439.6510226300645,302.73819892682167,304.22058480441706,317.4360759001477,367.2114861186717,410.8725795,611.8261528890271,508.5084765533867,149.8928765844933,510.6081732638619,375.6102729605723,505.3589315
labeled-data,PMA41 2022_02_23_09_28_37 Cam2,img2213931.png,688.4650828213702,312.18683412395984,541.4863130881095,306.93759234777195,598.1781242709386,408.7728828058169,600.2778209814137,506.40877984291154,141.49408974259268,508.5084765533867,376.6601213158099,509.5583249086243
labeled-data,PMA41 2022_02_23_09_28_37 Cam2,img2372887.png,,,223.38226145112367,121.11443347072088,,,602.3775176918889,503.2592347771988,144.64363480830542,503.2592347771988,380.85951473676016,504.3090831324364
labeled-data,PMA41 2022_02_23_09_28_37 Cam2,img2567194.png,432.30208414340143,299.5886538611089,,,330.4667936853565,358.3801617544132,607.6267594680768,501.15953806672366,147.7931798740181,507.45862819814914,372.4607278948596,507.45862819814914
labeled-data,PMA41 2022_02_23_09_28_37 Cam2,img2745517.png,214.98347460922304,325.8348627420484,87.95182362547627,284.89077688778286,118.3974259,405.62333774010415,605.5270627576016,504.3090831324364,149.8928765844933,510.6081732638619,378.7598180262851,507.45862819814914
labeled-data,PMA41 2022_02_23_09_28_37 Cam2,img2790552.png,,,,,,,604.4772144023641,496.96014464577337,146.74333151878056,506.40877984291154,376.6601213158099,506.40877984291154
labeled-data,PMA41 2022_02_23_09_28_37 Cam2,img2830587.png,,,,,,,604.4772144023641,504.3090831324364,147.7931798740181,506.40877984291154,375.6102729605723,506.40877984291154
labeled-data,PMA41 2022_02_23_09_28_37 Cam2,img2987877.png,,,,,,,605.5270627576016,501.15953806672366,143.59378645306782,500.1096897114861,373.5105762500972,503.2592347771988
labeled-data,PMA41 2022_02_23_09_28_37 Cam2,img3010468.png,303.17073644917946,437.1187883972314,,,,,608.6766078233144,503.2592347771988,,,,
